Brand,Category,Used,Working_Condition,release_year,days_used,normalized_used_price,normalized_new_price
Ferguson,Tractor,no,3,2020,127,4.307572449,4.715100245
Ferguson,Tractor,yes,8,2020,325,5.162096647,5.519017936
Ferguson,Tractor,yes,8,2020,162,5.111083765,5.884630724
Ferguson,Tractor,yes,6,2020,345,5.135386588,5.630960854
Ferguson,Tractor,no,3,2020,293,4.389994804,4.947837479
Ferguson,Tractor,no,4,2020,223,4.413888608,5.060694494
Ferguson,Tractor,no,2,2020,234,3.878259375,4.518958489
Ferguson,Tractor,no,4,2020,219,4.729421148,5.18872569
Ferguson,Tractor,no,6,2020,161,4.886054204,5.299916088
Ferguson,Tractor,no,6,2020,327,4.773223771,5.073610093
Ferguson,Tractor,no,3,2020,268,4.26703657,4.713665782
Ferguson,Tractor,no,4,2020,344,4.657383057,4.770176021
Ferguson,Tractor,yes,8,2019,537,5.383255763,6.213967894
Ferguson,Tractor,no,4,2019,336,4.617592706,5.398750764
Ferguson,Tractor,no,2,2019,230,4.111365547,4.487512143
Ferguson,Tractor,no,4,2019,248,4.411221293,4.866225902
Ferguson,Tractor,no,6,2019,395,5.022366217,5.517934708
Ferguson,Tractor,no,4,2019,421,4.777020443,5.193179048
Ferguson,Tractor,no,2,2019,532,4.248638089,4.792313433
Ferguson,Tractor,no,3,2019,266,4.267877613,5.517051209
Ferguson,Tractor,no,3,2019,321,4.556295018,5.304001183
Mahindra,Tractor,no,4,2020,273,4.879082894,5.601491318
Mahindra,Tractor,no,3,2020,349,4.350148896,5.299466706
Mahindra,Tractor,yes,8,2020,352,4.734442522,6.768240306
Mahindra,Tractor,yes,8,2020,142,5.476463552,6.55079458
Mahindra,Tractor,no,3,2020,92,4.636959508,5.481430277
Mahindra,Tractor,no,3,2020,166,4.230767603,4.870683334
Mahindra,Tractor,no,4,2019,329,4.709620287,5.82953368
Mahindra,Tractor,yes,8,2019,383,5.467680322,7.003174544
Mahindra,Tractor,no,4,2019,443,4.696928611,5.766225051
Mahindra,Tractor,no,2,2019,257,4.255328982,4.944353031
Mahindra,Tractor,no,2,2019,255,4.64352514,5.082211493
Mahindra,Tractor,no,3,2019,512,4.550608398,5.304299438
Mahindra,Tractor,no,4,2019,223,4.461877016,5.248023572
Mahindra,Tractor,no,3,2019,200,4.582310892,4.864607093
Mahindra,Tractor,no,3,2019,210,4.373994463,4.694645192
Mahindra,Tractor,no,3,2019,216,4.517649588,5.300415165
Mahindra,Tractor,no,4,2018,724,4.887940214,5.704049106
Mahindra,Tractor,no,2,2018,628,4.358630057,5.191066176
Siemens,Tractor,no,6,2020,242,4.829672813,5.704848573
Siemens,Tractor,yes,12,2020,220,5.186882886,7.090784918
Bajaj,Tractor,yes,8,2020,110,5.620944196,6.609308811
Bajaj,Tractor,yes,8,2020,208,5.288166015,6.474106722
Bajaj,Tractor,yes,12,2019,458,5.713402718,6.686160528
Bajaj,Tractor,yes,6,2019,294,5.670983763,6.686647155
Swaraj,Tractor,yes,8,2020,187,5.170881643,6.153455837
Swaraj,Tractor,yes,8,2020,271,5.009634794,5.910254492
Swaraj,Tractor,yes,6,2020,100,5.033895988,5.672842052
Swaraj,Tractor,yes,8,2020,186,5.116615618,6.253482598
Swaraj,Tractor,no,3,2020,273,4.578312732,4.782479201
Swaraj,Tractor,yes,8,2020,146,5.412315471,5.98838481
Swaraj,Tractor,yes,8,2019,397,4.868380247,6.088023946
Swaraj,Tractor,no,4,2019,411,4.57037168,5.01588814
Swaraj,Tractor,no,6,2019,276,4.936199063,5.632572862
Swaraj,Tractor,no,4,2019,205,4.94178527,5.800667172
Swaraj,Tractor,no,6,2019,321,4.656718448,5.556287375
Swaraj,Tractor,yes,8,2019,392,5.295613715,6.780830585
Swaraj,Tractor,no,2,2019,296,4.322011202,4.605670061
Swaraj,Tractor,no,3,2018,664,4.457713717,5.437252881
Escorts,Tractor,no,4,2020,289,4.702659807,5.302060353
Escorts,Tractor,no,4,2020,338,4.941570991,5.0141624
Escorts,Tractor,no,3,2020,111,4.498364182,4.606569207
Escorts,Tractor,no,3,2020,167,2.896464272,3.690877457
Escorts,Tractor,no,2,2019,399,4.288677032,4.611351045
Sonalika,Tractor,no,8,2020,343,5.052864298,5.766694674
Sonalika,Tractor,no,4,2020,246,4.801065863,5.068904202
Sonalika,Tractor,yes,8,2020,145,5.560335417,6.446116566
Sonalika,Tractor,no,8,2020,300,4.847331743,5.702781974
Sonalika,Tractor,no,4,2020,118,4.823260994,5.249652195
Sonalika,Tractor,yes,6,2020,312,4.95434709,5.857447322
Sonalika,Tractor,yes,8,2020,226,5.466878008,6.447290015
Sonalika,Tractor,no,8,2020,199,5.192623462,5.599199434
Sonalika,Tractor,yes,8,2019,279,5.288014474,6.04545545
Sonalika,Tractor,no,8,2019,212,4.770599875,5.79331844
Sonalika,Tractor,no,8,2019,188,5.064302435,5.435249221
Sonalika,Tractor,no,8,2019,264,5.104732617,5.801816215
Sonalika,Tractor,no,3,2019,230,4.417755682,4.886809035
Sonalika,Tractor,no,6,2019,259,4.601664047,5.55971963
Sonalika,Tractor,no,4,2019,349,4.59360355,4.941928096
Sonalika,Tractor,no,4,2019,500,4.907346705,5.245812813
Sonalika,Tractor,yes,8,2019,288,4.94071342,6.594864794
Sonalika,Tractor,no,8,2019,391,5.278471738,6.461014949
Sonalika,Tractor,yes,8,2019,204,4.911109575,6.215967174
Sonalika,Tractor,no,8,2019,293,5.144350003,6.015376367
Sonalika,Tractor,no,2,2019,456,3.966132331,4.485598051
Sonalika,Tractor,no,6,2019,224,5.206859756,5.635896134
Sonalika,Tractor,no,6,2019,451,4.735671994,5.523458921
Sonalika,Tractor,no,4,2019,338,4.956108708,5.304746654
Sonalika,Tractor,no,6,2019,455,4.755829062,5.736217396
Sonalika,Tractor,no,4,2019,431,4.614625345,5.071291288
Sonalika,Tractor,no,4,2019,334,4.761831996,5.440511132
Sonalika,Tractor,no,6,2019,415,5.116315759,5.561604282
Sonalika,Tractor,no,2,2019,266,4.382151627,4.607966273
Ace,Tractor,yes,8,2020,318,4.852498904,5.664244378
Ace,Tractor,yes,6,2020,301,4.977492076,5.301312876
Ace,Tractor,yes,6,2020,319,5.120923648,5.523139508
Ace,Tractor,yes,6,2020,184,5.026246142,5.563792173
Ace,Tractor,no,6,2020,256,4.966753066,5.198718001
Ace,Tractor,no,2,2020,265,4.344065128,4.49535532
Ace,Tractor,no,2,2020,321,3.421000009,4.39222446
Ace,Tractor,no,6,2020,169,4.967310169,5.295513439
Ace,Tractor,yes,12,2019,478,6.619433002,7.823341763
Ace,Tractor,no,8,2019,382,5.360587692,6.211302641
Ace,Tractor,no,8,2019,374,5.192289962,6.107267847
Ace,Tractor,no,4,2019,396,4.792396362,5.129188404
Ace,Tractor,no,6,2019,406,4.886280713,5.56819182
Ace,Tractor,no,3,2019,338,4.687395126,4.939282497
Ferguson,Tractor,no,3,2020,138,4.466367783,4.695467824
Ferguson,Tractor,yes,8,2020,268,5.051905188,5.520660598
Ferguson,Tractor,yes,8,2020,195,5.018008048,5.884157694
Ferguson,Tractor,yes,6,2020,272,4.903346996,5.634075062
Ferguson,Tractor,no,3,2020,346,4.477791257,4.943355241
Ferguson,Tractor,no,4,2020,362,4.466597536,5.076423035
Ferguson,Tractor,no,2,2020,355,3.961574784,4.507116246
Ferguson,Tractor,no,4,2020,202,4.776093698,5.202852175
Ferguson,Tractor,no,6,2020,310,4.803775113,5.297717186
Ferguson,Tractor,no,6,2020,141,4.831747834,5.067456614
Ferguson,Tractor,no,3,2020,228,4.476199805,4.689695141
Ferguson,Tractor,no,4,2020,213,4.609859175,4.781892764
Ferguson,Tractor,yes,8,2019,504,5.17252736,6.211262508
Ferguson,Tractor,no,4,2019,371,4.797194518,5.391352233
Ferguson,Tractor,no,2,2019,201,4.220095768,4.49635928
Ferguson,Tractor,no,4,2019,354,4.415944853,4.86753445
Ferguson,Tractor,no,6,2019,311,5.180209278,5.515845179
Ferguson,Tractor,no,4,2019,524,4.679349584,5.188167623
Ferguson,Tractor,no,2,2019,388,4.055776969,4.793059547
Ferguson,Tractor,no,3,2019,234,4.53999146,5.523937848
Ferguson,Tractor,no,3,2019,251,4.294560609,5.296114943
Mahindra,Tractor,no,4,2020,195,4.739963282,5.595157377
Mahindra,Tractor,no,3,2020,126,4.720550337,5.296916386
Mahindra,Tractor,yes,8,2020,234,5.412047757,6.768504706
Mahindra,Tractor,yes,8,2020,248,4.633951987,6.550094135
Mahindra,Tractor,no,3,2020,205,4.232801305,5.483218926
Mahindra,Tractor,no,3,2020,196,4.319752215,4.862908382
Mahindra,Tractor,no,4,2019,392,5.021970804,5.832234322
Mahindra,Tractor,yes,8,2019,471,5.789103535,7.003347237
Mahindra,Tractor,no,4,2019,517,4.955756633,5.772655339
Mahindra,Tractor,no,2,2019,438,4.367800927,4.93691699
Mahindra,Tractor,no,2,2019,273,4.396299294,5.080285727
Mahindra,Tractor,no,3,2019,344,4.707997496,5.301562097
Mahindra,Tractor,no,4,2019,289,4.541484634,5.24676088
Mahindra,Tractor,no,3,2019,482,4.48661185,4.86190324
Mahindra,Tractor,no,3,2019,516,4.105943698,4.692539832
Mahindra,Tractor,no,3,2019,463,4.170688129,5.297617121
Mahindra,Tractor,no,4,2018,693,4.989411658,5.701112246
Mahindra,Tractor,no,2,2018,393,4.539564429,5.194511198
Siemens,Tractor,no,6,2020,92,5.034156489,5.697294809
Siemens,Tractor,yes,12,2020,188,5.639812681,7.087982979
Bajaj,Tractor,yes,8,2020,186,5.482927968,6.605054319
Bajaj,Tractor,yes,8,2020,232,5.235164552,6.478525003
Bajaj,Tractor,yes,12,2019,280,5.079850363,6.685761067
Bajaj,Tractor,yes,6,2019,523,5.342525621,6.684361696
Swaraj,Tractor,yes,8,2020,293,5.269969331,6.154454616
Swaraj,Tractor,yes,8,2020,281,5.047866851,5.911609322
Swaraj,Tractor,yes,6,2020,122,5.126045146,5.668017118
Swaraj,Tractor,yes,8,2020,200,5.094302196,6.254136457
Swaraj,Tractor,no,3,2020,267,4.515026636,4.785907155
Swaraj,Tractor,yes,8,2020,218,5.307177995,5.990338914
Swaraj,Tractor,yes,8,2019,330,4.900225013,6.085250839
Swaraj,Tractor,no,4,2019,277,4.514369822,5.006894974
Swaraj,Tractor,no,6,2019,344,5.037212309,5.638141123
Swaraj,Tractor,no,4,2019,463,5.093320661,5.793196518
Swaraj,Tractor,no,6,2019,336,5.032266314,5.56202688
Swaraj,Tractor,yes,8,2019,232,5.598384921,6.779649143
Swaraj,Tractor,no,2,2019,282,4.022848561,4.61244367
Swaraj,Tractor,no,3,2018,587,4.273745191,5.440337627
Escorts,Tractor,no,4,2020,97,4.798514106,5.299916088
Escorts,Tractor,no,4,2020,362,4.932169121,5.010768619
Escorts,Tractor,no,3,2020,321,4.383151002,4.600459106
Escorts,Tractor,no,3,2020,247,2.667228207,3.709906821
Escorts,Tractor,no,2,2019,450,4.335720882,4.601061758
JohnDeere,Tractor,no,3,2020,120,4.151669629,4.716979861
JohnDeere,Tractor,yes,8,2020,258,5.514194582,6.218878965
JohnDeere,Tractor,yes,6,2020,248,5.126282718,6.06194631
JohnDeere,Tractor,no,4,2020,310,5.28755971,5.935528915
JohnDeere,Tractor,yes,8,2020,282,5.678498854,6.7807284
JohnDeere,Tractor,yes,6,2020,321,5.083699865,6.685673664
JohnDeere,Tractor,no,4,2019,320,4.59036107,6.927597121
JohnDeere,Tractor,no,6,2019,325,4.955756633,5.936110387
JohnDeere,Tractor,no,4,2019,430,4.989071116,6.396179374
JohnDeere,Tractor,yes,12,2019,190,4.997685135,7.003628936
JohnDeere,Tractor,no,6,2019,517,5.438209735,6.396729635
JohnDeere,Tractor,no,2,2019,313,3.984343667,4.866148876
JohnDeere,Tractor,no,3,2019,222,4.454579827,5.557098295
JohnDeere,Tractor,no,2,2015,852,4.7051965,5.401640809
Standard,Planting,no,6,2020,220,5.847392078,6.907335191
Standard,Planting,no,6,2020,248,5.691237447,6.684724221
Standard,Planting,no,3,2019,313,5.204446151,5.8518001
Standard,Soil,no,4,2018,601,5.359835707,6.779603675
Standard,Soil,no,2,2015,827,4.562680134,5.891809944
Kartar,Tractor,no,2,2014,840,4.539564429,5.307078872
Kartar,Tractor,no,2,2014,1073,4.327966358,5.521220889
Standard,Soil,no,4,2019,496,4.937060513,6.310081901
Standard,Soil,no,4,2019,250,4.794632851,6.110158279
Standard,Soil,no,4,2018,543,5.808022363,7.003846972
Standard,Soil,no,4,2018,525,6.158968531,6.778898657
Standard,Soil,no,4,2018,583,5.57059388,7.131154798
Standard,Soil,no,4,2018,641,5.583458714,7.047795444
Standard,Soil,no,4,2018,673,5.492649836,6.74521282
Standard,Soil,no,4,2018,673,4.923478452,5.859075359
Standard,Soil,no,4,2017,629,4.522114611,6.906754779
Standard,Soil,no,4,2017,815,5.175414999,6.644830858
Standard,Soil,no,4,2017,604,5.120684799,6.554659636
Standard,Soil,no,4,2017,541,5.759185645,6.803094518
Standard,Soil,no,4,2017,629,5.2907891,6.594071404
Standard,Soil,no,4,2017,578,4.669458676,5.966505649
Standard,Soil,no,4,2016,833,4.750568389,6.534979989
Standard,Soil,no,4,2016,1026,4.68111219,6.309081565
Standard,Soil,no,4,2016,704,5.37347122,6.535546014
Standard,Soil,no,4,2016,894,4.437461342,5.707840895
Standard,Soil,no,4,2015,667,4.633077139,6.152605027
Standard,Soil,no,4,2015,778,5.170370352,6.217503902
Standard,Soil,no,4,2015,572,5.558872303,6.744671484
Standard,Soil,no,4,2015,547,4.463145686,5.886187361
Standard,Soil,no,4,2014,914,4.591983624,6.086706543
Standard,Soil,no,4,2014,719,4.37298589,5.991739509
Standard,Soil,no,4,2014,1082,4.25177557,6.040944949
Standard,Soil,no,4,2014,877,3.93064847,5.890262042
Standard,Soil,no,4,2013,995,4.628398312,5.857075644
Standard,Soil,no,4,2013,945,4.42208834,5.601417468
Standard,Soil,no,4,2013,1070,3.879706404,5.800031607
Standard,Soil,no,4,2013,712,4.666359354,5.703148941
Kartar,Tractor,no,4,2019,524,4.727918651,5.701346176
Kartar,Tractor,no,4,2019,397,4.462799845,5.738280515
Kartar,Tractor,no,4,2018,575,4.383151002,4.787491743
Kartar,Tractor,no,4,2018,370,4.203497876,4.386018656
Kartar,Tractor,no,4,2018,535,4.614724399,6.855693268
Kartar,Tractor,no,4,2018,667,4.194642284,4.62045281
Kartar,Tractor,no,4,2018,386,4.399129543,5.075173815
Kartar,Tractor,no,4,2018,482,4.727299319,6.217184776
Kartar,Tractor,no,4,2018,438,5.152597712,5.990363942
Kartar,Tractor,no,4,2018,511,4.548599834,5.523818137
Kartar,Tractor,no,4,2018,516,4.573576314,5.070914758
Kartar,Tractor,no,4,2017,585,4.465103197,5.51765368
Kartar,Tractor,no,4,2017,592,4.935049307,5.964350255
Kartar,Tractor,no,4,2017,722,4.993828176,5.991339539
Kartar,Tractor,no,4,2017,708,4.57460788,5.191733881
Kartar,Tractor,no,4,2017,781,4.507336826,5.020849617
Kartar,Tractor,no,4,2017,868,4.608464753,5.516850305
Kartar,Tractor,no,4,2017,818,4.600559573,5.666115221
Kartar,Tractor,no,4,2017,542,4.677490848,5.202356975
Kartar,Tractor,no,4,2017,754,4.739089004,5.396396437
Kartar,Tractor,no,4,2017,797,4.999911331,5.5139125
Kartar,Tractor,no,4,2017,612,4.342895917,5.600272098
Kartar,Tractor,no,4,2017,847,4.841901011,5.704582155
Kartar,Tractor,no,4,2017,755,4.456902169,4.769497479
Kartar,Tractor,no,4,2017,617,4.08311508,5.00816558
Kartar,Tractor,no,4,2017,858,4.258587006,5.192845734
Kartar,Tractor,no,4,2017,588,5.172584061,5.993287884
Kartar,Tractor,no,4,2017,796,5.034807446,6.08893149
Kartar,Tractor,no,4,2017,582,4.967379785,5.768633447
Kartar,Tractor,no,4,2016,835,4.082103276,4.796038449
Kartar,Tractor,no,4,2016,1055,4.837709459,5.634253745
Kartar,Tractor,no,4,2016,981,4.137882864,4.860897087
Kartar,Tractor,no,4,2016,862,4.392348184,5.242117317
Kartar,Tractor,no,4,2016,801,4.462453884,5.636716317
Kartar,Tractor,no,4,2016,566,5.092522454,5.697227706
Kartar,Tractor,no,4,2016,1063,5.008900457,5.825675571
Kartar,Tractor,no,4,2016,927,4.487062098,5.436512865
Kartar,Tractor,no,4,2016,669,4.333755086,5.078356246
Kartar,Tractor,no,4,2016,553,4.911477723,5.639137281
Kartar,Tractor,no,4,2016,599,4.388257184,5.3378265
Kartar,Tractor,no,4,2016,980,5.054141682,5.701078823
Kartar,Tractor,no,4,2016,676,4.749443675,5.438296677
Kartar,Tractor,no,4,2016,578,4.670021158,5.797272818
Kartar,Tractor,no,4,2016,928,4.446760449,5.140844508
Kartar,Tractor,no,4,2016,866,3.87036733,4.681297546
Kartar,Tractor,no,4,2016,545,3.822973189,4.503801692
Kartar,Tractor,no,4,2016,1003,4.210645018,5.01349786
Kartar,Tractor,no,4,2016,624,3.985273467,4.700934808
Kartar,Tractor,no,4,2015,727,3.822973189,4.264087337
Kartar,Tractor,no,4,2016,571,3.994708372,5.067456614
Kartar,Tractor,no,4,2015,862,4.421367533,5.191177491
Kartar,Tractor,no,4,2015,700,4.787658396,5.52469568
Kartar,Tractor,no,4,2015,999,4.783483721,5.080036971
Kartar,Tractor,no,4,2015,840,3.8019849,4.85624014
Kartar,Tractor,no,4,2015,1089,4.658521361,5.134915695
Kartar,Tractor,no,4,2015,715,4.799502655,5.857675979
Kartar,Tractor,no,4,2015,997,4.457018145,5.597532675
Kartar,Tractor,no,4,2015,1014,4.309590341,5.734117674
Kartar,Tractor,no,4,2015,880,4.657762636,5.402001478
Kartar,Tractor,no,4,2015,989,4.358374106,5.299366816
Kartar,Tractor,no,4,2015,592,4.450736133,5.354508646
Kartar,Tractor,no,4,2015,885,4.565389316,5.071604954
Kartar,Tractor,no,4,2015,568,4.193435465,4.690797272
Kartar,Tractor,no,4,2015,777,4.337421451,5.704215714
Kartar,Tractor,no,4,2015,747,4.529476342,5.6327876
Kartar,Tractor,no,4,2015,934,4.135166557,4.958569772
Kartar,Tractor,no,4,2015,794,4.831986983,5.635682062
Kartar,Tractor,no,4,2015,953,3.777119243,5.199325417
Kartar,Tractor,no,4,2015,685,4.547223226,5.52058053
Kartar,Tractor,no,4,2015,749,4.75272775,5.702681869
Kartar,Tractor,no,4,2015,970,4.703928958,5.393491173
Kartar,Tractor,no,4,2015,547,3.678829118,4.503801692
Kartar,Tractor,no,4,2015,557,4.518195172,5.080472254
Kartar,Tractor,no,4,2015,626,4.271932712,5.991164502
Kartar,Tractor,no,4,2014,857,4.17699924,4.373490304
Kartar,Tractor,no,4,2014,860,3.523119986,4.594412529
Kartar,Tractor,no,4,2014,1059,4.727387819,5.297917287
Kartar,Tractor,no,4,2014,1023,4.219654753,5.078729985
Kartar,Tractor,no,4,2014,583,4.191773708,5.482553756
Kartar,Tractor,no,4,2014,1022,4.226249633,5.480555587
Kartar,Tractor,no,4,2014,595,4.397653891,5.344246298
Kartar,Tractor,no,4,2014,772,3.976123931,4.606669062
Kartar,Tractor,no,4,2014,801,4.597541159,5.483011107
Kartar,Tractor,no,4,2014,846,4.494015137,5.010368592
Kartar,Tractor,no,4,2014,731,4.357990057,4.868380247
Kartar,Tractor,no,4,2014,645,4.374624305,5.297567085
Kartar,Tractor,no,4,2014,766,4.151197374,4.87458645
Kartar,Tractor,no,4,2014,705,4.252202647,5.345010095
Kartar,Tractor,no,4,2014,1013,5.262690189,5.991939434
Kartar,Tractor,no,4,2014,800,4.811126886,5.395398704
Kartar,Tractor,no,4,2014,679,4.073971772,4.61244367
Kartar,Tractor,no,4,2014,1081,4.474377896,5.772997544
Kartar,Tractor,no,4,2014,1013,4.700207601,5.524177225
Kartar,Tractor,no,4,2014,956,4.242620879,6.235586505
Kartar,Tractor,no,4,2014,772,5.494952658,5.555011741
Kartar,Tractor,no,4,2014,947,4.419924358,5.301362725
Kartar,Tractor,no,4,2014,665,4.567468319,5.53057922
Kartar,Tractor,no,4,2015,583,3.75630443,4.780551045
Kartar,Tractor,no,4,2014,794,4.253482784,4.859657354
Kartar,Tractor,no,4,2014,910,4.012411179,4.86591776
Kartar,Tractor,no,4,2014,635,4.365388994,5.707176708
Kartar,Tractor,no,4,2014,824,4.284551613,5.34958066
Kartar,Tractor,no,4,2013,604,4.594210346,5.668224379
Kartar,Tractor,no,4,2013,654,5.187720945,6.592989738
Kartar,Tractor,no,4,2013,754,4.59036107,5.525612289
Kartar,Tractor,no,4,2013,847,4.469694046,5.015092015
Kartar,Tractor,no,4,2013,550,4.584252938,5.404612445
Kartar,Tractor,no,4,2013,1083,4.400480313,5.442461
Kartar,Tractor,no,4,2013,1040,4.730392151,5.858932655
Kartar,Tractor,no,4,2013,549,5.275355755,5.992988385
Kartar,Tractor,no,4,2013,643,4.327834406,4.601664047
Kartar,Tractor,no,4,2013,674,4.273605886,4.859967431
Kartar,Tractor,no,4,2013,869,4.226541732,5.561335264
Kartar,Tractor,no,4,2013,614,5.698535399,6.908245159
Kartar,Tractor,no,4,2013,887,4.987912407,5.431973751
Kartar,Tractor,no,4,2013,753,4.162781724,4.695741884
Kartar,Tractor,no,4,2017,593,4.961094849,5.797970813
Eicher,Tractor,no,4,2018,475,5.573825638,6.865974492
Eicher,Tractor,no,4,2018,424,4.464988155,6.745083397
Eicher,Tractor,no,4,2017,890,4.825028346,6.310845121
Eicher,Tractor,no,4,2017,554,5.247760643,6.272367443
Eicher,Tractor,no,4,2016,1021,5.042586055,5.936955562
Eicher,Tractor,no,4,2016,848,4.565077092,5.671810095
Eicher,Tractor,no,4,2015,584,5.032201072,5.826059103
Ferguson,Tractor,no,4,2019,372,5.303105883,5.343147318
Ferguson,Tractor,no,4,2019,289,4.974178757,5.634396669
Ferguson,Tractor,no,4,2019,431,4.782144136,5.296165052
Ferguson,Tractor,no,4,2019,190,4.789822358,5.295964601
Ferguson,Tractor,no,4,2018,410,5.414677168,6.346828632
Ferguson,Tractor,no,4,2019,396,5.131081447,6.218121918
Ferguson,Tractor,no,4,2018,443,4.896570338,6.309263518
Ferguson,Tractor,no,4,2019,283,4.270955399,4.610356713
Ferguson,Tractor,no,4,2018,720,4.743278588,5.345391774
Ferguson,Tractor,no,4,2018,680,4.353241283,5.136386499
Ferguson,Tractor,no,4,2018,718,4.961234944,5.602598411
Ferguson,Tractor,no,4,2018,535,4.64851699,5.521660898
Ferguson,Tractor,no,4,2018,557,4.698296164,5.989412443
Ferguson,Tractor,no,4,2018,626,4.938637914,5.390303847
Ferguson,Tractor,no,4,2018,455,5.078667704,5.766381616
Ferguson,Tractor,no,4,2018,697,4.406475315,4.700389453
Ferguson,Tractor,no,4,2018,420,5.302857047,5.993612239
Ferguson,Tractor,no,4,2018,663,4.243769809,4.776093698
Ferguson,Tractor,no,4,2018,641,4.480400299,5.293103799
Ferguson,Tractor,no,4,2017,778,4.671613143,5.242170206
Ferguson,Tractor,no,4,2017,628,4.819555496,5.663828159
Ferguson,Tractor,no,4,2017,814,4.687303016,5.917091155
Ferguson,Tractor,no,4,2017,632,4.609759638,5.192734604
Ferguson,Tractor,no,4,2017,751,4.477450444,5.742682624
Ferguson,Tractor,no,4,2017,683,4.177459469,4.856551279
Ferguson,Tractor,no,4,2017,557,4.825670246,5.969448973
Ferguson,Tractor,no,4,2016,729,4.839767887,5.989713014
Ferguson,Tractor,no,4,2016,675,4.714114273,5.767038924
Ferguson,Tractor,no,4,2016,1027,4.356324137,5.433765671
Ferguson,Tractor,no,4,2016,595,4.703928958,5.187665096
Ferguson,Tractor,no,4,2016,670,4.29374172,4.932169121
Ferguson,Tractor,no,4,2016,1014,4.420405648,5.992014396
Ferguson,Tractor,no,4,2016,1039,4.790487252,5.555630434
Ferguson,Tractor,no,4,2016,672,4.424607082,4.78548974
Ferguson,Tractor,no,4,2016,556,4.596835549,5.135739612
Ferguson,Tractor,no,4,2016,1001,4.455393261,4.946416722
Ferguson,Tractor,no,4,2015,826,4.46383701,5.193512252
Ferguson,Tractor,no,4,2015,592,4.765416535,5.737604023
Ferguson,Tractor,no,4,2015,960,4.405132623,5.705481031
Ferguson,Tractor,no,4,2015,894,3.883006056,4.248209487
Ferguson,Tractor,no,4,2015,727,4.315352501,5.137913845
Ferguson,Tractor,no,4,2014,1083,4.321878462,5.765253797
Ferguson,Tractor,no,4,2014,904,4.572337029,5.294409742
Ferguson,Tractor,no,4,2014,700,3.981362484,4.62399194
Ferguson,Tractor,no,4,2014,847,3.855875845,4.605070181
Ferguson,Tractor,no,4,2014,545,3.872658282,4.862057943
Ferguson,Tractor,no,4,2014,829,4.640151155,5.674628257
Ferguson,Tractor,no,4,2014,668,4.142658423,5.297517046
Ferguson,Tractor,no,4,2014,805,4.50821866,5.295062074
Ferguson,Tractor,no,4,2013,1083,4.49880917,5.515644033
Ferguson,Tractor,no,4,2013,1090,4.159195535,4.947198388
Ferguson,Tractor,no,4,2013,840,4.390862483,5.433328913
Mahindra,Tractor,no,4,2019,369,5.620183451,6.858060706
Mahindra,Tractor,no,4,2019,310,5.431010908,6.430042007
Mahindra,Tractor,no,4,2019,518,4.624678652,5.984465108
Mahindra,Tractor,no,4,2018,586,5.004885462,6.687121077
Mahindra,Tractor,no,4,2018,668,4.523526197,6.214248034
Mahindra,Tractor,no,4,2018,394,5.184588601,6.034859229
Mahindra,Tractor,no,4,2018,487,4.818101772,5.596865192
Mahindra,Tractor,no,4,2018,716,4.582822322,5.516528775
Mahindra,Tractor,no,4,2018,445,4.926311212,5.703649132
Mahindra,Tractor,no,4,2018,492,5.161523515,6.550394386
Mahindra,Tractor,no,4,2018,494,4.518086079,5.194122838
Mahindra,Tractor,no,4,2018,696,4.532707014,6.011855237
Mahindra,Tractor,no,4,2018,366,5.400106512,6.477049283
Mahindra,Tractor,no,4,2018,545,4.257596556,5.007563916
Mahindra,Tractor,no,4,2018,478,4.635602393,5.301462416
Mahindra,Tractor,no,4,2017,860,5.073610093,6.036222784
Mahindra,Tractor,no,4,2017,743,4.631130288,5.519739437
Mahindra,Tractor,no,4,2017,746,4.180675152,5.021641173
Mahindra,Tractor,no,4,2017,730,4.558183395,5.85455603
Mahindra,Tractor,no,4,2017,616,4.442768897,5.637428974
Mahindra,Tractor,no,4,2017,588,4.44370952,5.603335792
Mahindra,Tractor,no,4,2017,576,4.131640347,5.192901294
Mahindra,Tractor,no,4,2017,613,4.79015486,5.566701934
Mahindra,Tractor,no,4,2016,911,4.430578675,5.296465653
Mahindra,Tractor,no,4,2017,611,3.971800209,4.498586701
Mahindra,Tractor,no,4,2016,961,4.262679877,5.080161357
Mahindra,Tractor,no,4,2016,864,4.368814741,5.343529709
Mahindra,Tractor,no,4,2016,632,4.375127893,5.075486266
Mahindra,Tractor,no,4,2017,642,4.07787637,4.598145571
Mahindra,Tractor,no,4,2016,803,4.245204118,4.767884096
Mahindra,Tractor,no,4,2016,549,3.839022113,4.608464753
Mahindra,Tractor,no,4,2016,702,5.124796966,5.604698516
Mahindra,Tractor,no,4,2016,859,4.906089261,5.856875452
Mahindra,Tractor,no,4,2016,862,3.969348072,5.193401197
Mahindra,Tractor,no,4,2016,661,4.515136063,5.072357353
Mahindra,Tractor,no,4,2016,681,4.095510549,5.294610505
Mahindra,Tractor,no,4,2016,1015,4.72046123,5.481222087
Mahindra,Tractor,no,4,2016,574,4.405254761,5.860985634
Mahindra,Tractor,no,4,2016,738,4.768478804,5.403667882
Mahindra,Tractor,no,4,2016,556,4.425684604,4.873898771
Mahindra,Tractor,no,4,2016,813,4.049172844,4.234686047
Mahindra,Tractor,no,4,2016,706,4.512945242,5.184980681
Mahindra,Tractor,no,4,2016,554,4.209011637,5.019330712
Mahindra,Tractor,no,4,2016,986,3.646754528,4.79015486
Mahindra,Tractor,no,4,2016,924,3.696103299,4.599051505
Mahindra,Tractor,no,4,2016,981,4.368434681,5.854899988
Mahindra,Tractor,no,4,2016,726,4.754710253,5.701078823
Mahindra,Tractor,no,4,2016,741,4.31455047,5.352947587
Mahindra,Tractor,no,4,2016,872,4.493568009,4.867380592
Mahindra,Tractor,no,4,2016,824,4.240030949,4.775756487
Mahindra,Tractor,no,4,2016,849,4.568609931,5.140903033
Mahindra,Tractor,no,4,2016,809,4.108576144,5.137620306
Mahindra,Tractor,no,4,2016,578,4.235120483,4.697840521
Mahindra,Tractor,no,4,2016,1033,4.020518602,4.611251656
Mahindra,Tractor,no,4,2015,663,4.437934267,5.242646082
Mahindra,Tractor,no,4,2015,599,4.474491862,5.252063982
Mahindra,Tractor,no,4,2015,867,4.764393692,5.519779505
Mahindra,Tractor,no,4,2015,983,4.174541104,5.595603175
Mahindra,Tractor,no,4,2015,565,4.446291681,5.245127538
Mahindra,Tractor,no,4,2015,981,4.751432693,5.521460918
Mahindra,Tractor,no,4,2015,709,4.401706705,5.705614129
Mahindra,Tractor,no,4,2015,1002,3.619797293,5.011634794
Mahindra,Tractor,no,4,2015,713,3.503453082,4.502583597
Mahindra,Tractor,no,4,2015,881,3.909219078,4.879767019
Mahindra,Tractor,no,4,2015,821,3.983226764,5.07348489
Mahindra,Tractor,no,4,2015,798,4.230913005,5.022827335
Mahindra,Tractor,no,4,2015,570,4.928122873,5.635467944
Mahindra,Tractor,no,4,2015,617,4.634631896,5.706578562
Mahindra,Tractor,no,4,2015,746,4.186619838,5.189283446
Mahindra,Tractor,no,4,2015,814,4.524285457,5.522220629
Mahindra,Tractor,no,4,2015,980,4.161847435,5.396532414
Mahindra,Tractor,no,4,2015,930,3.946037884,4.937777822
Mahindra,Tractor,no,4,2015,1003,4.029806041,4.80098365
Mahindra,Tractor,no,4,2015,696,3.645710959,4.788907407
Mahindra,Tractor,no,4,2015,652,3.731220295,4.51008998
Mahindra,Tractor,no,4,2015,561,4.556714966,5.599939326
Mahindra,Tractor,no,4,2014,695,3.435920818,3.929273359
Mahindra,Tractor,no,4,2014,959,3.749268754,4.874662829
Mahindra,Tractor,no,4,2014,778,3.999667515,4.602967762
Mahindra,Tractor,no,4,2014,588,4.410978457,5.524775419
Mahindra,Tractor,no,4,2014,776,4.115616697,5.530063807
Mahindra,Tractor,no,4,2014,1025,3.97724879,4.624972813
Mahindra,Tractor,no,4,2014,890,3.2820384,4.50821866
Mahindra,Tractor,no,4,2014,564,3.781686504,4.518413322
Mahindra,Tractor,no,4,2014,1000,4.711779921,5.475165639
Mahindra,Tractor,no,4,2014,646,3.819907717,4.619763188
Mahindra,Tractor,no,4,2014,708,3.637059705,4.701116527
Mahindra,Tractor,no,4,2014,775,4.29837325,5.473152638
Mahindra,Tractor,no,4,2014,1009,4.185403293,5.59905139
Mahindra,Tractor,no,4,2014,952,4.130676491,5.888822555
Mahindra,Tractor,no,4,2014,708,4.485485343,5.243333058
Mahindra,Tractor,no,4,2014,715,3.270708974,4.624384405
Mahindra,Tractor,no,4,2014,952,3.384051223,4.116595171
Mahindra,Tractor,no,4,2014,1048,4.785823686,5.69950668
Mahindra,Tractor,no,4,2014,752,4.799831955,5.802148586
Mahindra,Tractor,no,4,2014,801,4.287853308,5.347631203
Mahindra,Tractor,no,4,2014,780,4.015120963,5.244125137
Mahindra,Tractor,no,4,2014,563,4.025530246,5.245338442
Mahindra,Tractor,no,4,2014,909,4.533459338,5.702314731
Mahindra,Tractor,no,4,2014,688,4.415944853,5.699707517
Mahindra,Tractor,no,4,2014,980,3.763986927,4.864066907
Mahindra,Tractor,no,4,2014,569,5.045229939,5.600974255
Mahindra,Tractor,no,4,2014,910,4.803283068,5.566166561
Mahindra,Tractor,no,4,2014,782,4.326381781,5.400241986
Mahindra,Tractor,no,4,2014,1015,4.25177557,5.071604954
Mahindra,Tractor,no,4,2014,722,3.762129916,4.786491242
Mahindra,Tractor,no,4,2014,1005,4.322143925,5.389710795
Mahindra,Tractor,no,4,2014,751,3.988984047,5.017478493
Mahindra,Tractor,no,4,2014,996,4.68203863,5.38609928
Mahindra,Tractor,no,4,2014,592,3.354105774,5.291494141
Mahindra,Tractor,no,4,2014,632,4.261975404,5.477968695
Mahindra,Tractor,no,4,2014,888,4.071417058,5.194344776
Mahindra,Tractor,no,4,2014,646,3.597312261,5.073171813
Mahindra,Tractor,no,4,2014,597,3.867025639,5.669984366
Mahindra,Tractor,no,4,2014,1018,4.146620707,5.136092511
Mahindra,Tractor,no,4,2014,1091,3.442339325,5.012167453
Mahindra,Tractor,no,4,2014,601,3.776890331,4.859579819
Mahindra,Tractor,no,4,2014,646,3.225255432,4.377767578
Mahindra,Tractor,no,4,2014,778,3.047850228,4.506233438
Mahindra,Tractor,no,4,2014,853,4.284551613,5.737475116
Mahindra,Tractor,no,4,2014,673,3.676300672,4.511848029
Mahindra,Tractor,no,4,2014,744,4.35105183,5.434813111
Mahindra,Tractor,no,4,2013,662,4.75272775,5.525094309
Mahindra,Tractor,no,4,2013,633,4.241902127,5.566319554
Mahindra,Tractor,no,4,2013,984,4.238444906,5.885715067
Mahindra,Planting,no,4,2013,1093,3.884651809,5.012433676
Mahindra,Tractor,no,4,2013,803,4.271653577,5.522380495
Mahindra,Tractor,no,4,2013,670,4.543188394,5.482886396
Mahindra,Tractor,no,4,2013,949,3.081451149,4.254051208
Mahindra,Tractor,no,4,2013,780,4.618382517,5.708670509
Mahindra,Tractor,no,4,2013,1077,4.098502572,5.600309066
Mahindra,Tractor,no,4,2013,880,4.023385473,5.524895015
Mahindra,Tractor,no,4,2013,914,4.423408472,5.561950057
Mahindra,Tractor,no,4,2013,668,4.339249605,5.59456267
Mahindra,Tractor,no,4,2013,592,3.479700443,4.704381836
Mahindra,Tractor,no,4,2013,1008,3.493472658,4.698387268
Mahindra,Tractor,no,4,2013,941,3.291382516,4.083620599
Mahindra,Tractor,no,4,2013,703,3.815732345,4.596230344
Mahindra,Tractor,no,4,2013,718,4.527640983,5.598162666
Mahindra,Tractor,no,4,2013,970,4.305415532,5.006560336
Mahindra,Tractor,no,4,2013,910,4.236711804,5.308465698
Mahindra,Tractor,no,4,2013,646,3.911822985,5.400873955
Mahindra,Tractor,no,4,2013,733,4.80811103,5.990789319
Mahindra,Tractor,no,4,2013,644,3.850785696,5.01535746
Mahindra,Tractor,no,4,2013,565,3.746676553,5.199380619
Mahindra,Tractor,no,4,2013,723,3.911222685,4.786074072
Mahindra,Tractor,no,4,2013,1057,3.278276168,4.954770161
Mahindra,Tractor,no,4,2013,810,3.702782359,4.509979999
Mahindra,Tractor,no,4,2013,1054,3.403527997,4.498697941
Mahindra,Tractor,no,4,2013,631,3.280159053,4.063885355
Mahindra,Planting,no,4,2013,766,2.945491057,3.664330581
Mahindra,Planting,no,4,2013,564,3.940999114,4.50335892
Preet,Fertilizer,no,4,2016,961,4.033532423,5.008900457
Preet,Fertilizer,no,4,2015,931,4.959552504,5.85555891
Preet,Fertilizer,no,4,2015,820,4.910151756,5.853494748
Preet,Fertilizer,no,4,2015,692,4.844738116,5.632358078
Preet,Fertilizer,no,4,2015,751,4.684443367,5.635896134
Preet,Fertilizer,no,4,2015,790,3.818591061,4.498364182
Preet,Fertilizer,no,4,2015,965,3.964615456,4.611847841
Preet,Fertilizer,no,4,2015,890,3.385745277,4.237145361
Preet,Fertilizer,no,4,2015,823,4.428671642,5.306335138
Preet,Fertilizer,no,4,2015,956,4.195245147,5.297116646
Preet,Fertilizer,no,4,2015,949,4.249352018,5.130785895
Preet,Fertilizer,no,4,2015,937,4.458408805,5.143474781
Preet,Fertilizer,no,4,2015,874,4.248066579,5.019661105
Preet,Fertilizer,no,4,2015,564,4.277499105,4.786741461
Preet,Fertilizer,no,4,2015,1017,4.387884444,5.132970914
Preet,Fertilizer,no,4,2015,1083,3.805773206,4.509870006
Preet,Fertilizer,no,4,2015,696,3.682358237,4.489871562
Preet,Fertilizer,no,4,2015,670,3.581015808,4.261834449
Preet,Fertilizer,no,4,2015,708,3.640214282,4.228438297
Preet,Fertilizer,no,4,2014,683,3.808438689,4.381026134
Preet,Fertilizer,no,4,2014,1089,3.930059368,4.382151627
Preet,Fertilizer,no,4,2013,931,5.230573714,5.802752615
Siemens,Tractor,no,4,2019,390,4.71124045,5.697663794
Siemens,Tractor,no,4,2019,368,4.705829669,5.522380495
Siemens,Tractor,no,4,2019,280,4.670021158,5.346535939
Siemens,Tractor,no,4,2019,496,4.267316996,5.010635294
Siemens,Tractor,no,4,2018,447,4.49110523,5.389619525
Siemens,Tractor,no,4,2018,373,4.673296015,5.593595516
Siemens,Tractor,no,4,2018,706,4.430578675,5.990313885
Siemens,Tractor,no,4,2018,660,3.95623126,4.698296164
Siemens,Tractor,no,4,2018,598,4.161068194,4.400357591
Siemens,Tractor,no,4,2018,634,4.337552145,5.075861079
Siemens,Tractor,no,4,2018,426,4.369068034,5.010635294
Siemens,Tractor,no,4,2018,533,4.297421451,5.015291106
Siemens,Tractor,no,4,2018,438,5.042650624,5.763277046
Siemens,Tractor,no,4,2018,567,4.464988155,5.563447035
Siemens,Tractor,no,4,2018,561,4.492673155,5.198054945
Siemens,Tractor,no,4,2017,564,4.849527134,5.302857047
Siemens,Tractor,no,4,2017,821,4.657857508,5.073109185
Siemens,Tractor,no,4,2017,573,4.278470047,5.002334269
Siemens,Tractor,no,4,2017,558,4.831907273,5.765253797
Siemens,Tractor,no,4,2017,874,4.319752215,4.702750514
Siemens,Tractor,no,4,2017,666,4.180828022,5.01422883
Siemens,Tractor,no,4,2017,842,4.240607069,5.443629098
Siemens,Tractor,no,4,2017,746,3.823847315,4.800078858
Siemens,Tractor,no,4,2017,803,4.052654135,4.613832559
Siemens,Tractor,no,4,2017,873,4.471410196,5.480763916
Siemens,Tractor,no,4,2017,578,4.277082699,5.012367127
Siemens,Tractor,no,4,2016,554,4.711779921,5.245760116
Siemens,Tractor,no,4,2016,917,4.28689144,4.87557893
Siemens,Tractor,no,4,2016,904,4.318687394,5.396305775
Siemens,Tractor,no,4,2016,659,4.156379953,4.60736777
Siemens,Tractor,no,4,2016,1041,4.434144589,5.593744369
Siemens,Tractor,no,4,2016,694,4.592186258,5.39838892
Siemens,Tractor,no,4,2016,827,4.566741159,5.065565301
Siemens,Tractor,no,4,2016,667,4.481419379,4.876951509
Siemens,Tractor,no,4,2016,563,3.91939576,4.87504464
Siemens,Tractor,no,4,2015,833,4.105943698,5.629094847
Siemens,Tractor,no,4,2015,582,4.560695696,5.634611016
Siemens,Tractor,no,4,2015,905,4.580365067,5.795328001
Siemens,Tractor,no,4,2015,749,4.517540436,5.703315699
Siemens,Tractor,no,4,2015,1020,4.893277168,5.562833161
Siemens,Tractor,no,4,2015,694,4.485034385,5.520900761
Siemens,Tractor,no,4,2015,586,4.492225427,5.47495614
Siemens,Tractor,no,4,2015,820,4.517867858,5.13732668
Siemens,Tractor,no,4,2015,608,4.362588941,5.137385412
Siemens,Tractor,no,4,2015,579,3.949704072,4.603568905
Siemens,Tractor,no,4,2015,842,3.546739687,4.883634909
Siemens,Tractor,no,4,2015,863,4.253767036,5.34834486
Siemens,Tractor,no,4,2015,613,3.844814256,5.47976354
Siemens,Tractor,no,4,2014,768,4.396052806,5.705381196
Siemens,Tractor,no,4,2014,564,4.911624944,5.666045993
Siemens,Tractor,no,4,2014,739,4.312140507,6.041254212
Siemens,Tractor,no,4,2014,572,4.529799879,5.773370724
Siemens,Tractor,no,4,2014,808,4.145829505,5.293907658
Siemens,Tractor,no,4,2014,1072,4.03653888,5.07704706
Siemens,Tractor,no,4,2014,927,4.251205851,5.079974772
Siemens,Tractor,no,4,2014,634,3.606041176,5.473572347
Siemens,Tractor,no,4,2014,959,3.874736421,4.621437158
Siemens,Tractor,no,4,2014,979,3.965184554,4.488186831
Siemens,Tractor,no,4,2014,821,3.958333908,4.939210897
Siemens,Tractor,no,4,2013,643,4.148359151,4.870453263
Siemens,Tractor,no,4,2013,757,3.773909703,5.520540494
Siemens,Tractor,no,4,2013,607,4.245204118,5.524655809
Siemens,Tractor,no,4,2013,715,4.122770036,5.394309132
Siemens,Tractor,no,4,2013,1044,4.292375413,5.196118514
Siemens,Tractor,no,4,2013,944,4.488524004,5.43838361
Siemens,Tractor,no,4,2013,667,3.542696944,5.020387586
Bajaj,Tractor,no,4,2018,489,5.065754593,6.552422291
Bajaj,Tractor,no,4,2018,496,5.000046093,6.309445439
Bajaj,Tractor,no,4,2018,386,5.380404138,6.252635793
Bajaj,Tractor,no,4,2017,623,5.19473305,6.214968034
Bajaj,Tractor,no,4,2017,875,4.735584225,6.213026849
Bajaj,Tractor,no,4,2016,986,4.936701666,6.091287257
Bajaj,Tractor,no,4,2015,1050,4.62192897,5.598940343
Bajaj,Tractor,no,4,2016,996,4.435448911,5.993437599
Bajaj,Tractor,no,4,2015,913,4.831030045,5.699540155
Bajaj,Tractor,no,4,2014,616,4.679163866,5.514436303
Swaraj,Tractor,no,4,2019,252,5.224509349,6.311172037
Swaraj,Tractor,no,4,2019,366,5.346774142,5.992763703
Swaraj,Tractor,no,4,2019,504,4.615516478,5.294510128
Swaraj,Tractor,no,4,2019,238,5.04613113,5.519178315
Swaraj,Tractor,no,4,2019,488,4.921876937,5.766193735
Swaraj,Tractor,no,4,2018,658,4.842374421,5.599273448
Swaraj,Tractor,no,4,2018,412,4.858648937,5.860558277
Swaraj,Tractor,no,4,2018,644,5.257859889,5.853523446
Swaraj,Tractor,no,4,2018,563,4.839767887,5.349390637
Swaraj,Tractor,no,4,2018,621,4.703838358,5.595194534
Swaraj,Tractor,no,4,2018,598,4.783065294,6.396045932
Swaraj,Tractor,no,4,2018,452,5.202797165,6.130878603
Swaraj,Tractor,no,4,2018,424,4.966613742,5.665180237
Swaraj,Tractor,no,4,2018,373,4.711420306,5.450351522
Swaraj,Tractor,no,4,2018,623,6.143348374,7.209650859
Swaraj,Tractor,no,4,2018,496,4.740400135,6.398178875
Swaraj,Tractor,no,4,2018,507,4.775672166,5.524097439
Swaraj,Tractor,no,4,2018,444,4.649282761,5.795936163
Swaraj,Tractor,no,4,2018,560,5.127113775,5.60719815
Swaraj,Tractor,no,4,2018,399,5.361902308,6.234449941
Swaraj,Tractor,no,4,2018,702,5.137385412,6.130965586
Swaraj,Tractor,no,4,2018,407,4.561427263,5.018603464
Swaraj,Tractor,no,4,2018,527,4.174233412,4.869532453
Swaraj,Tractor,no,4,2018,443,4.525477417,5.294409742
Swaraj,Tractor,no,4,2017,856,4.935768059,5.63400358
Swaraj,Tractor,no,4,2017,607,4.915005063,5.76713279
Swaraj,Tractor,no,4,2017,710,5.016816153,6.363131546
Swaraj,Tractor,no,4,2017,709,5.010501952,6.110469059
Swaraj,Tractor,no,4,2017,736,4.523092075,5.195896969
Swaraj,Tractor,no,4,2017,648,4.677862871,5.639421715
Swaraj,Tractor,no,4,2017,899,4.790736473,6.214608098
Swaraj,Tractor,no,4,2017,709,5.154331516,5.993861672
Swaraj,Tractor,no,4,2017,707,5.00354354,5.742073268
Swaraj,Tractor,no,4,2017,748,4.131319165,5.002401489
Swaraj,Tractor,no,4,2017,790,4.64294755,5.563408678
Swaraj,Tractor,no,4,2017,863,4.76319905,6.171554449
Swaraj,Tractor,no,4,2016,1049,4.562053895,5.290738721
Swaraj,Tractor,no,4,2016,1022,4.733563401,5.52776103
Swaraj,Tractor,no,4,2016,1065,5.315125318,6.347634363
Swaraj,Tractor,no,4,2016,1077,5.089754499,6.110402471
Swaraj,Tractor,no,4,2016,578,4.375127893,5.391443345
Swaraj,Tractor,no,4,2016,782,4.514479321,5.675040006
Swaraj,Tractor,no,4,2016,913,5.356067272,6.307424262
Swaraj,Tractor,no,4,2016,613,4.826391892,5.858133134
Swaraj,Tractor,no,4,2016,554,4.754279609,5.440207478
Swaraj,Tractor,no,4,2015,587,4.500920165,5.304746654
Swaraj,Tractor,no,4,2015,669,3.989909544,5.474243516
Swaraj,Tractor,no,4,2015,957,4.235120483,4.919542874
Swaraj,Tractor,no,4,2015,738,4.456206033,5.561143063
Swaraj,Tractor,no,4,2015,909,4.645640119,5.522740099
Swaraj,Tractor,no,4,2015,662,4.139158578,5.299167006
Swaraj,Tractor,no,4,2015,643,4.056988776,5.389619525
Swaraj,Tractor,no,4,2015,593,4.066287964,4.867226711
Swaraj,Tractor,no,4,2015,865,4.569024739,6.060197385
Swaraj,Tractor,no,4,2015,959,4.917056947,5.887270018
Swaraj,Tractor,no,4,2015,578,3.773450356,4.26112938
Swaraj,Tractor,no,4,2015,726,4.180369342,5.070600875
Swaraj,Tractor,no,4,2015,1076,3.680343123,4.584967479
Swaraj,Tractor,no,4,2015,562,4.37298589,5.597940362
Swaraj,Tractor,no,4,2015,1011,4.037597828,5.009301071
Swaraj,Tractor,no,4,2015,883,4.273187855,5.828710296
Swaraj,Tractor,no,4,2014,777,4.094011173,5.994709277
Swaraj,Tractor,no,4,2014,703,4.877408617,6.310172791
Swaraj,Tractor,no,4,2014,790,4.630545492,5.677027737
Swaraj,Tractor,no,4,2014,804,4.098004523,4.870453263
Swaraj,Tractor,no,4,2014,682,4.468319003,5.476086912
Swaraj,Tractor,no,4,2014,775,4.252344965,5.303951465
Swaraj,Tractor,no,4,2014,1028,3.745496055,4.604269781
Swaraj,Tractor,no,4,2014,602,3.999850716,4.938136283
Swaraj,Tractor,no,4,2014,835,4.522657764,5.79994078
Swaraj,Tractor,no,4,2014,678,4.69701984,5.598829283
Swaraj,Tractor,no,4,2014,607,4.905200702,6.083222972
Swaraj,Tractor,no,4,2014,594,4.704472387,5.911203066
Swaraj,Tractor,no,4,2014,992,3.536602019,5.082335608
Swaraj,Tractor,no,4,2013,691,4.357862008,5.704382295
Swaraj,Tractor,no,4,2013,621,4.844738116,6.065272474
Swaraj,Tractor,no,4,2013,860,4.466367783,5.525532617
Swaraj,Tractor,no,4,2013,877,4.165113633,5.676034365
Swaraj,Tractor,no,4,2013,572,3.704014342,4.598749618
Escorts,Tractor,no,4,2018,422,4.836678654,4.868149646
Escorts,Tractor,no,4,2018,574,4.998225274,5.3499606
Escorts,Tractor,no,4,2018,416,4.335066046,4.587209861
Escorts,Tractor,no,4,2018,562,4.614328124,4.795046467
Escorts,Tractor,no,4,2018,674,4.668802046,4.864684239
JohnDeere,Tractor,no,4,2019,291,5.569717606,6.957268991
JohnDeere,Tractor,no,4,2019,525,5.55597828,6.64548101
JohnDeere,Tractor,no,4,2019,505,4.73523307,6.519574925
JohnDeere,Tractor,no,4,2019,428,5.978657891,7.468045125
JohnDeere,Tractor,no,4,2019,526,3.891412052,4.221564412
JohnDeere,Tractor,no,4,2019,363,4.597541159,5.516287559
JohnDeere,Tractor,no,4,2019,302,4.587617027,5.394036554
JohnDeere,Tractor,no,4,2019,190,4.236278058,4.594614672
JohnDeere,Tractor,no,4,2019,291,5.100597868,6.478140911
JohnDeere,Tractor,no,4,2019,298,5.242910359,6.038348133
JohnDeere,Tractor,no,4,2019,339,4.865378281,5.596494176
JohnDeere,Tractor,no,4,2019,377,4.824626949,5.858532975
JohnDeere,Tractor,no,4,2019,355,4.884996482,5.512702676
JohnDeere,Tractor,no,4,2019,356,4.68527443,5.520180098
JohnDeere,Tractor,no,4,2019,220,4.649187071,5.308317201
JohnDeere,Tractor,no,4,2019,333,4.424007957,4.792396362
JohnDeere,Tractor,no,4,2019,252,5.358188764,6.03787092
JohnDeere,Tractor,no,4,2019,431,4.934545873,5.39838892
JohnDeere,Tractor,no,4,2018,452,4.81866736,5.308564683
JohnDeere,Tractor,no,4,2018,542,4.663156035,5.30464729
JohnDeere,Tractor,no,4,2018,487,4.836440625,6.362027603
JohnDeere,Tractor,no,4,2018,453,4.474947599,5.632429678
JohnDeere,Tractor,no,4,2018,496,4.896346148,5.597050649
JohnDeere,Tractor,no,4,2018,645,4.967379785,5.883183103
JohnDeere,Tractor,no,4,2018,385,5.123070723,5.63489674
JohnDeere,Tractor,no,4,2018,580,5.714293704,6.618725632
JohnDeere,Tractor,no,4,2018,504,4.830152047,5.481971369
JohnDeere,Tractor,no,4,2018,642,4.469694046,5.006894974
JohnDeere,Tractor,no,4,2018,452,4.446643278,5.245970886
JohnDeere,Tractor,no,4,2018,557,4.065945088,4.626442321
JohnDeere,Tractor,no,4,2018,478,4.522114611,5.013098924
JohnDeere,Tractor,no,4,2018,443,4.24563401,5.304249735
JohnDeere,Tractor,no,4,2018,452,4.24792365,5.013564334
JohnDeere,Tractor,no,4,2018,692,5.11433443,5.859645972
JohnDeere,Tractor,no,4,2018,451,4.9682148,5.988083839
JohnDeere,Tractor,no,4,2018,575,4.714293613,5.519258494
JohnDeere,Tractor,no,4,2018,727,4.352082758,5.191511362
JohnDeere,Tractor,no,4,2018,480,4.31039636,4.93842296
JohnDeere,Tractor,no,4,2018,407,4.734442522,5.634075062
JohnDeere,Tractor,no,4,2018,655,4.907494535,5.299117047
JohnDeere,Tractor,no,4,2018,616,4.457713717,5.479721836
JohnDeere,Tractor,no,4,2018,559,4.414372811,5.139849046
JohnDeere,Tractor,no,4,2018,678,4.370333536,6.429316171
JohnDeere,Tractor,no,4,2018,600,5.002267044,6.196607047
JohnDeere,Tractor,no,4,2018,465,4.198404232,4.787408406
JohnDeere,Tractor,no,4,2017,674,4.758577733,5.989988458
JohnDeere,Tractor,no,4,2017,610,4.349115971,5.593781579
JohnDeere,Tractor,no,4,2017,670,3.829293358,4.781054401
JohnDeere,Tractor,no,4,2017,886,4.767118953,5.965505508
JohnDeere,Tractor,no,4,2017,672,4.74675655,5.304299438
JohnDeere,Tractor,no,4,2017,668,4.827113017,5.630243571
JohnDeere,Tractor,no,4,2017,548,4.851014123,6.311807402
JohnDeere,Tractor,no,4,2017,691,4.576359104,6.396779644
JohnDeere,Tractor,no,4,2017,790,4.778703237,5.130904126
JohnDeere,Tractor,no,4,2017,683,4.604670061,5.29169549
JohnDeere,Tractor,no,4,2017,551,4.694279361,5.301063592
JohnDeere,Tractor,no,4,2017,779,4.338335946,4.852733142
JohnDeere,Tractor,no,4,2017,655,4.226395693,4.696289779
JohnDeere,Tractor,no,4,2017,593,3.811318301,5.296114943
JohnDeere,Planting,no,4,2017,630,3.941775964,4.380024632
JohnDeere,Tractor,no,4,2017,843,5.091293197,5.967632814
JohnDeere,Tractor,no,4,2017,786,4.856706812,6.151433979
JohnDeere,Tractor,no,4,2017,884,4.510859507,5.388066659
JohnDeere,Tractor,no,4,2017,879,4.106767082,5.480888892
JohnDeere,Tractor,no,4,2017,793,4.955897478,5.992988385
JohnDeere,Tractor,no,4,2016,706,3.535145354,4.697293475
JohnDeere,Tractor,no,4,2017,623,4.544995463,5.705015048
JohnDeere,Tractor,no,4,2017,614,4.955333978,5.635146682
JohnDeere,Tractor,no,4,2017,587,4.734793954,5.520099992
JohnDeere,Tractor,no,4,2017,545,4.299459911,5.393354782
JohnDeere,Tractor,no,4,2016,599,4.410735561,4.94021283
JohnDeere,Tractor,no,4,2016,1087,3.999667515,4.852264611
JohnDeere,Tractor,no,4,2016,923,5.294208939,6.060290738
JohnDeere,Tractor,no,4,2016,785,4.579339426,5.705214782
JohnDeere,Tractor,no,4,2016,684,4.631714741,5.287812382
JohnDeere,Tractor,no,4,2016,880,4.573266637,5.304100611
JohnDeere,Tractor,no,4,2016,972,4.381276353,4.782144136
JohnDeere,Tractor,no,4,2016,817,4.591780949,4.949893999
JohnDeere,Planting,no,4,2016,843,3.592093185,4.364753306
JohnDeere,Tractor,no,4,2016,852,5.511814541,6.634515085
JohnDeere,Tractor,no,4,2016,847,4.994099325,6.745412805
JohnDeere,Tractor,no,4,2016,607,4.29701326,5.009634794
JohnDeere,Tractor,no,4,2016,927,4.047252955,4.795873187
JohnDeere,Tractor,no,4,2016,888,4.46383701,5.01422883
JohnDeere,Tractor,no,4,2016,593,3.931041011,4.933034048
JohnDeere,Tractor,no,4,2016,1046,4.17438727,4.799173248
JohnDeere,Planting,no,4,2016,907,4.360930671,5.303304908
JohnDeere,Tractor,no,4,2016,875,4.315085229,5.298817242
JohnDeere,Tractor,no,4,2016,707,4.916251352,5.886520611
JohnDeere,Tractor,no,4,2016,625,4.097506226,4.877789381
JohnDeere,Tractor,no,4,2016,772,4.514260311,5.52807897
JohnDeere,Tractor,no,4,2016,715,4.420886706,5.396396437
JohnDeere,Tractor,no,4,2016,775,4.548176464,5.699908313
JohnDeere,Tractor,no,4,2016,581,4.129872568,5.438600912
JohnDeere,Tractor,no,4,2016,980,4.300545393,5.251330575
JohnDeere,Tractor,no,4,2016,581,4.749010756,5.389847684
JohnDeere,Tractor,no,4,2016,747,4.514917197,4.858183171
JohnDeere,Tractor,no,4,2016,1048,4.582106246,5.669915405
JohnDeere,Tractor,no,4,2016,584,4.530769863,5.991739509
JohnDeere,Tractor,no,4,2016,896,4.690797272,5.85901828
JohnDeere,Tractor,no,4,2016,1037,4.226249633,5.772157377
JohnDeere,Tractor,no,4,2016,1010,3.63995178,4.475289265
JohnDeere,Tractor,no,4,2016,914,4.583640067,5.191789503
JohnDeere,Tractor,no,4,2016,978,3.907412393,4.867688285
JohnDeere,Tractor,no,4,2015,1067,4.636862633,5.704348981
JohnDeere,Tractor,no,4,2015,1079,4.89686918,5.707209928
JohnDeere,Tractor,no,4,2015,673,4.718498871,5.523698413
JohnDeere,Tractor,no,4,2015,574,4.356708827,5.135504276
JohnDeere,Tractor,no,4,2016,651,3.971423349,4.701298213
JohnDeere,Tractor,no,4,2015,838,4.116758157,4.78840799
JohnDeere,Tractor,no,4,2015,665,4.258869811,5.200263426
JohnDeere,Tractor,no,4,2015,785,4.145512849,4.927905646
JohnDeere,Planting,no,4,2015,720,3.881976084,4.687671407
JohnDeere,Tractor,no,4,2015,628,3.871617591,4.953006181
JohnDeere,Tractor,no,4,2015,763,4.941856685,6.287821385
JohnDeere,Tractor,no,4,2015,1083,4.541591204,6.155791841
JohnDeere,Tractor,no,4,2015,835,5.353373572,6.394977751
JohnDeere,Tractor,no,4,2015,554,5.245127538,6.308134871
JohnDeere,Tractor,no,4,2015,542,5.079477043,6.274837348
JohnDeere,Tractor,no,4,2015,575,4.90771624,6.270685929
JohnDeere,Tractor,no,4,2015,1084,4.922168313,5.859446295
JohnDeere,Tractor,no,4,2015,1084,3.746912485,5.254522207
JohnDeere,Tractor,no,4,2015,940,4.51008998,5.558178501
JohnDeere,Tractor,no,4,2015,913,4.216414691,5.989988458
JohnDeere,Tractor,no,4,2015,696,4.982304404,5.993138146
JohnDeere,Tractor,no,4,2015,1048,4.509099717,5.942536873
JohnDeere,Tractor,no,4,2015,955,4.783065294,5.522819994
JohnDeere,Tractor,no,4,2015,551,3.851423383,4.22566518
JohnDeere,Tractor,no,4,2015,1025,4.195697056,5.306335138
JohnDeere,Tractor,no,4,2017,706,4.378395048,5.196395377
JohnDeere,Tractor,no,4,2015,1011,4.573782713,5.060313952
JohnDeere,Tractor,no,4,2015,556,4.729421148,5.293807211
JohnDeere,Tractor,no,4,2015,732,4.810394136,5.940855229
JohnDeere,Tractor,no,4,2015,1050,4.25362492,4.861980595
JohnDeere,Tractor,no,4,2015,822,4.725084283,5.832527431
JohnDeere,Tractor,no,4,2015,1054,4.567156744,5.52589109
JohnDeere,Tractor,no,4,2015,578,4.689787032,5.393945678
JohnDeere,Tractor,no,4,2015,954,4.431768727,5.342094989
JohnDeere,Tractor,no,4,2015,882,4.171305603,5.393627546
JohnDeere,Tractor,no,4,2015,698,4.817293234,6.215427762
JohnDeere,Tractor,no,4,2015,1088,4.806804054,6.018982433
JohnDeere,Tractor,no,4,2015,916,4.970993159,5.938959993
JohnDeere,Tractor,no,4,2015,811,5.080472254,5.991664527
JohnDeere,Tractor,no,4,2015,945,4.512835575,5.631211782
JohnDeere,Tractor,no,4,2015,760,4.003872659,4.783651043
JohnDeere,Tractor,no,4,2015,840,3.91442013,4.711060561
JohnDeere,Tractor,no,4,2015,1056,4.014399072,5.021245473
JohnDeere,Tractor,no,4,2015,583,4.508989628,4.784654388
JohnDeere,Planting,no,4,2015,652,3.24376354,4.378771342
JohnDeere,Tractor,no,4,2015,599,4.148832748,5.701245927
JohnDeere,Tractor,no,4,2015,886,4.778282804,5.698669425
JohnDeere,Tractor,no,4,2015,677,4.462338537,5.562103696
JohnDeere,Tractor,no,4,2015,947,4.644871553,5.440120702
JohnDeere,Tractor,no,4,2015,804,4.506233438,5.301312876
JohnDeere,Tractor,no,4,2014,887,3.584906864,5.010835274
JohnDeere,Tractor,no,4,2014,682,4.761831996,5.671706841
JohnDeere,Tractor,no,4,2014,627,4.406109305,5.561335264
JohnDeere,Tractor,no,4,2014,971,4.23598879,5.443456132
JohnDeere,Tractor,no,4,2014,961,4.24046307,5.248969547
JohnDeere,Tractor,no,4,2014,1013,4.96932707,5.943979781
JohnDeere,Tractor,no,4,2014,1082,2.961140829,4.615813346
JohnDeere,Tractor,no,4,2014,707,3.463232773,4.38651654
JohnDeere,Tractor,no,4,2014,918,4.307033656,5.002334269
JohnDeere,Tractor,no,4,2014,829,4.327174383,4.945349827
JohnDeere,Tractor,no,4,2014,1071,4.198103797,5.299916088
JohnDeere,Tractor,no,4,2014,649,4.318687394,5.710162082
JohnDeere,Tractor,no,4,2014,1017,4.442886523,5.706246104
JohnDeere,Tractor,no,4,2014,793,4.56995743,5.85469936
JohnDeere,Tractor,no,4,2014,936,4.934545873,5.85567346
JohnDeere,Tractor,no,4,2014,774,4.483567364,5.706977366
JohnDeere,Tractor,no,4,2014,893,4.213460043,5.828386638
JohnDeere,Tractor,no,4,2014,718,5.004885462,5.96834944
JohnDeere,Tractor,no,4,2014,971,3.824720677,6.109025336
JohnDeere,Tractor,no,4,2014,1070,4.959903246,5.970904633
JohnDeere,Tractor,no,4,2014,919,4.333755086,5.517051209
JohnDeere,Tractor,no,4,2014,897,4.130515759,5.080845202
JohnDeere,Tractor,no,4,2014,735,3.50465609,4.615021502
JohnDeere,Planting,no,4,2014,990,2.05284086,3.057297629
JohnDeere,Tractor,no,4,2014,723,3.661508257,4.498364182
JohnDeere,Tractor,no,4,2014,605,3.80666249,4.495243707
JohnDeere,Tractor,no,4,2014,1029,4.338858139,5.401505524
JohnDeere,Tractor,no,4,2014,846,3.60631273,5.523658501
JohnDeere,Tractor,no,4,2014,716,4.206631038,5.390942126
JohnDeere,Tractor,no,4,2014,658,3.701548857,4.61343593
JohnDeere,Tractor,no,4,2014,590,3.663561646,4.800654729
JohnDeere,Tractor,no,4,2014,724,3.966700567,4.872675061
JohnDeere,Tractor,no,4,2014,1002,4.791234729,5.701346176
JohnDeere,Tractor,no,4,2014,706,4.6226171,5.707043817
JohnDeere,Tractor,no,4,2014,785,4.331391019,5.909332158
JohnDeere,Tractor,no,4,2014,598,4.63336884,5.706379101
JohnDeere,Tractor,no,4,2014,723,4.629862799,6.088999523
JohnDeere,Tractor,no,4,2014,540,4.868764463,5.912908234
JohnDeere,Tractor,no,4,2014,1090,4.051089054,5.348439976
JohnDeere,Tractor,no,4,2014,1017,3.688379329,5.59897736
JohnDeere,Tractor,no,4,2014,625,4.49635928,5.884602905
JohnDeere,Tractor,no,4,2014,763,4.244343779,5.989312233
JohnDeere,Tractor,no,4,2014,994,5.073797869,6.086138161
JohnDeere,Tractor,no,4,2014,979,4.520047933,5.518977838
JohnDeere,Tractor,no,4,2014,1020,3.712840092,5.708803183
JohnDeere,Tractor,no,4,2014,845,3.989724513,4.776093698
JohnDeere,Fertilizer,no,4,2014,851,4.673482826,6.090857291
JohnDeere,Tractor,no,4,2014,825,4.215381557,5.245760116
JohnDeere,Tractor,no,4,2014,645,4.062337766,5.477425432
JohnDeere,Tractor,no,4,2014,1002,4.496470769,5.63285917
JohnDeere,Tractor,no,4,2014,1002,4.72135194,5.59456267
JohnDeere,Tractor,no,4,2014,581,4.714652197,5.69699281
JohnDeere,Tractor,no,4,2014,643,4.166975253,5.860273271
JohnDeere,Tractor,no,4,2014,760,4.494908792,5.597866249
JohnDeere,Tractor,no,4,2014,564,4.742930126,5.700978547
JohnDeere,Tractor,no,4,2014,737,4.688039664,5.732337537
JohnDeere,Tractor,no,4,2014,683,3.768152635,5.295513439
JohnDeere,Tractor,no,4,2014,586,3.676806873,5.185988182
JohnDeere,Tractor,no,4,2014,680,4.943141299,6.043345169
JohnDeere,Tractor,no,4,2014,589,4.957304838,5.935158711
JohnDeere,Tractor,no,4,2014,955,4.64525591,6.171784101
JohnDeere,Tractor,no,4,2014,977,4.718677427,5.517934708
JohnDeere,Tractor,no,4,2014,755,3.770459441,5.195619968
JohnDeere,Tractor,no,4,2014,618,4.134846506,5.561642707
JohnDeere,Planting,no,4,2014,1054,4.145037677,4.246493239
JohnDeere,Tractor,no,4,2014,865,3.63995178,4.786074072
JohnDeere,Tractor,no,4,2014,946,4.959622662,6.017132294
JohnDeere,Tractor,no,4,2014,966,4.51601105,5.765817866
JohnDeere,Tractor,no,4,2014,816,4.320815904,5.249547202
JohnDeere,Tractor,no,4,2014,596,4.392348184,5.001796345
JohnDeere,Tractor,no,4,2014,963,3.686376324,4.871679693
JohnDeere,Tractor,no,4,2014,1089,5.652524267,6.506516228
JohnDeere,Tractor,no,4,2014,1078,5.373842192,6.463232244
JohnDeere,Tractor,no,4,2014,689,5.274127128,6.289307324
JohnDeere,Tractor,no,4,2014,921,5.336864776,6.213707693
JohnDeere,Tractor,no,4,2014,799,5.326856231,6.15098649
JohnDeere,Tractor,no,4,2014,1061,4.940498912,6.042490306
JohnDeere,Tractor,no,4,2014,925,5.114033886,6.036891921
JohnDeere,Tractor,no,4,2014,920,4.741011409,5.888545493
JohnDeere,Tractor,no,4,2014,664,4.99199599,6.04134935
JohnDeere,Tractor,no,4,2014,712,4.869378902,5.671844511
JohnDeere,Tractor,no,4,2014,779,4.926311212,5.796999556
JohnDeere,Tractor,no,4,2013,735,4.052827882,5.249547202
JohnDeere,Tractor,no,4,2013,953,4.642754946,6.020416369
JohnDeere,Tractor,no,4,2013,1067,4.192831509,6.107713073
JohnDeere,Tractor,no,4,2013,870,4.150882413,5.137267945
JohnDeere,Tractor,no,4,2013,1068,3.523119986,4.865532448
JohnDeere,Tractor,no,4,2013,1075,4.225226615,5.186826991
JohnDeere,Tractor,no,4,2013,683,4.387262901,6.37873174
JohnDeere,Tractor,no,4,2013,935,3.642049867,5.34958066
JohnDeere,Planting,no,4,2013,544,3.2429829,4.247780701
JohnDeere,Tractor,no,4,2013,1032,3.460723361,5.179252259
JohnDeere,Tractor,no,4,2013,867,5.200208273,6.522871906
JohnDeere,Tractor,no,4,2013,1018,3.526654599,4.784821514
JohnDeere,Tractor,no,4,2013,1004,3.295836866,5.016749895
JohnDeere,Tractor,no,4,2013,705,3.434632158,4.373994463
JohnDeere,Tractor,no,4,2013,600,3.074543454,4.280962432
JohnDeere,Tractor,no,4,2013,807,3.330774917,4.48919801
JohnDeere,Tractor,no,4,2013,971,4.773815312,5.915581924
JohnDeere,Tractor,no,4,2013,563,4.089164502,6.037679971
JohnDeere,Planting,no,4,2013,552,3.450622265,4.384398819
JohnDeere,Tractor,no,4,2013,724,3.353406718,4.933394214
JohnDeere,Fertilizer,no,4,2013,1080,4.569232079,5.736507779
JohnDeere,Tractor,no,4,2013,831,4.445705411,5.640096923
JohnDeere,Tractor,no,4,2013,674,3.375537635,4.866764924
JohnDeere,Tractor,no,4,2013,1073,4.03724497,5.431010908
JohnDeere,Tractor,no,4,2013,1086,4.140114296,5.733858942
JohnDeere,Tractor,no,4,2013,971,4.783567386,5.59697647
JohnDeere,Tractor,no,4,2013,969,4.71357606,5.674628257
JohnDeere,Tractor,no,4,2013,1087,5.030699325,5.80733135
JohnDeere,Tractor,no,4,2013,774,4.979213424,5.560258465
JohnDeere,Tractor,no,4,2013,783,3.571221411,4.50335892
JohnDeere,Tractor,no,4,2013,822,4.178072778,5.082955956
JohnDeere,Tractor,no,4,2013,849,4.244774041,4.933466231
JohnDeere,Tractor,no,4,2013,614,4.547752915,5.008499682
JohnDeere,Tractor,no,4,2013,745,4.083789048,5.706013318
JohnDeere,Tractor,no,4,2013,704,4.553666343,5.636038823
JohnDeere,Tractor,no,4,2013,984,3.824065727,5.135327738
JohnDeere,Tractor,no,4,2013,763,3.860729711,5.130017051
JohnDeere,Tractor,no,4,2013,715,3.431403224,4.500920165
JohnDeere,Tractor,no,4,2013,737,3.371081758,4.258587006
JohnDeere,Tractor,no,4,2013,574,3.883211924,5.796908453
JohnDeere,Tractor,no,4,2013,985,4.100326634,5.768539722
JohnDeere,Tractor,no,4,2013,1032,4.864607093,6.135759677
JohnDeere,Tractor,no,4,2013,887,4.800819203,6.087865041
JohnDeere,Tractor,no,4,2013,644,4.963473803,5.770163048
JohnDeere,Tractor,no,4,2013,552,4.76669362,5.631068402
JohnDeere,Tractor,no,4,2013,965,3.741234684,4.782897874
JohnDeere,Planting,no,4,2013,913,3.612538221,4.378018613
JohnDeere,Planting,no,4,2013,866,3.335413641,4.236422661
JohnDeere,Planting,no,4,2013,542,2.855895328,4.073971772
JohnDeere,Planting,no,4,2013,620,3.283539338,3.880119456
JohnDeere,Tractor,no,4,2013,611,3.569250967,4.507336826
JohnDeere,Tractor,no,4,2013,777,3.193352868,4.795046467
JohnDeere,Tractor,no,4,2013,1024,3.90479696,5.188167623
JohnDeere,Tractor,no,4,2013,950,4.305685401,5.243438705
JohnDeere,Tractor,no,4,2013,963,4.14234076,5.34596402
JohnDeere,Fertilizer,no,4,2013,713,3.978933711,5.293857436
JohnDeere,Tractor,no,4,2013,785,3.981922133,4.702750514
Agristar,Tractor,no,4,2019,328,5.468439816,6.907495245
Agristar,Tractor,no,4,2019,252,4.772801027,6.061689992
Agristar,Tractor,no,4,2019,235,4.914271226,5.862579486
Agristar,Tractor,no,4,2019,195,4.319885238,5.28902432
Agristar,Tractor,no,4,2018,662,5.340418543,6.214248034
Agristar,Tractor,no,4,2018,556,4.823421791,5.941906588
Agristar,Tractor,no,4,2018,520,5.208720833,6.800615403
Agristar,Tractor,no,4,2018,717,4.473807868,6.13222599
Agristar,Tractor,no,4,2018,703,4.502694394,6.155537269
Agristar,Tractor,no,4,2018,454,4.915665057,5.800001332
Agristar,Tractor,no,4,2018,436,4.637056375,5.598421959
Agristar,Tractor,no,4,2018,694,4.678327707,5.246866165
Agristar,Tractor,no,4,2017,636,4.511408806,5.559604128
Agristar,Tractor,no,4,2017,728,4.728183962,5.600567803
Agristar,Tractor,no,4,2017,747,4.598145571,5.796483192
Agristar,Tractor,no,4,2017,786,4.108904714,5.248759408
Agristar,Tractor,no,4,2017,661,4.553982149,5.702648499
Agristar,Tractor,no,4,2017,675,4.938494616,6.038872805
Agristar,Tractor,no,4,2017,705,4.931159093,5.630638141
Agristar,Tractor,no,4,2017,615,4.592793915,5.139731867
Agristar,Tractor,no,4,2016,922,4.66192852,5.519098129
Agristar,Tractor,no,4,2016,603,4.869916227,5.525771613
Agristar,Tractor,no,4,2016,853,4.02731405,5.010435274
Agristar,Tractor,no,4,2016,1091,4.864066907,5.521460918
Agristar,Tractor,no,4,2016,1066,5.1075805,5.700109069
Agristar,Tractor,no,4,2016,818,4.768139014,5.293304825
Agristar,Tractor,no,4,2016,555,4.543294782,5.301063592
Agristar,Tractor,no,4,2016,621,4.325720798,5.297817242
Agristar,Tractor,no,4,2015,793,4.935193099,5.703982455
Agristar,Tractor,no,4,2015,1016,4.848430041,5.483343596
Agristar,Tractor,no,4,2015,694,4.703657133,5.523538758
Agristar,Tractor,no,4,2015,973,4.877484781,5.391989842
Agristar,Tractor,no,4,2015,700,4.377390906,5.31266396
Agristar,Tractor,no,4,2015,647,4.448984103,5.263415315
Agristar,Tractor,no,4,2015,693,4.733387484,5.013564334
Agristar,Tractor,no,4,2015,894,4.913022465,5.664903037
Agristar,Tractor,no,4,2015,848,4.428433007,5.293857436
Agristar,Tractor,no,4,2015,545,4.539030383,5.770131855
Agristar,Tractor,no,4,2015,795,4.29837325,5.66787892
Agristar,Tractor,no,4,2015,842,4.307303088,5.521140867
Agristar,Tractor,no,4,2015,806,4.585477553,5.384495063
Agristar,Tractor,no,4,2015,765,4.416790315,5.30051495
Agristar,Tractor,no,4,2015,797,4.299052551,5.253372301
Agristar,Tractor,no,4,2015,662,4.853903508,5.988434963
Agristar,Tractor,no,4,2015,631,4.533136983,6.213927867
Agristar,Tractor,no,4,2015,817,3.788045826,4.864761378
Agristar,Tractor,no,4,2015,1010,4.065430552,4.99396376
Agristar,Tractor,no,4,2015,682,4.186923744,4.783483721
Agristar,Tractor,no,4,2015,713,4.127134385,4.782730426
Agristar,Tractor,no,4,2014,954,3.390136434,5.239681391
Agristar,Tractor,no,4,2014,879,4.21597205,5.13066765
Agristar,Tractor,no,4,2014,617,4.935552488,5.940828931
Agristar,Tractor,no,4,2014,982,4.966544073,5.992314186
Agristar,Tractor,no,4,2014,1094,4.724640686,5.914367497
Agristar,Tractor,no,4,2014,686,4.422208424,5.189729426
Agristar,Tractor,no,4,2014,1047,4.415582293,5.701045399
Agristar,Tractor,no,4,2014,1046,3.73289634,5.299067085
Agristar,Tractor,no,4,2014,615,4.138680376,5.5198997
Agristar,Tractor,no,4,2014,808,4.118549251,5.25248283
Agristar,Tractor,no,4,2014,568,4.539350845,5.526090186
Agristar,Tractor,no,4,2014,845,4.377265318,5.295964601
Agristar,Tractor,no,4,2014,724,4.068171688,5.131849474
Agristar,Tractor,no,4,2014,962,3.683615624,5.197502061
Agristar,Tractor,no,4,2014,626,5.162211234,5.859931157
Agristar,Tractor,no,4,2014,687,5.176714545,5.93740427
Agristar,Tractor,no,4,2014,1032,4.770854102,5.56471196
Agristar,Tractor,no,4,2014,666,4.01566204,4.799008503
Agristar,Tractor,no,4,2014,756,3.789403292,4.944424264
Agristar,Tractor,no,4,2014,1014,4.814052528,5.636965805
Agristar,Tractor,no,4,2014,647,4.114637265,5.43581588
Agristar,Tractor,no,4,2014,794,4.527100531,5.557368456
Agristar,Tractor,no,4,2014,1054,4.36500763,5.772219636
Agristar,Tractor,no,4,2013,1060,4.422808628,5.799819663
Agristar,Tractor,no,4,2013,1081,4.121959729,5.634468123
Agristar,Tractor,no,4,2013,763,4.273605886,5.393309314
Agristar,Tractor,no,4,2013,934,3.918402612,4.873287103
Agristar,Tractor,no,4,2013,601,4.392842927,5.437122329
Agristar,Tractor,no,4,2013,673,3.697343533,4.863680881
Agristar,Tractor,no,4,2013,588,4.325720798,5.191288794
Agristar,Tractor,no,4,2013,704,5.030241824,5.857475907
Agristar,Tractor,no,4,2013,607,4.829912459,5.702147806
Agristar,Tractor,no,4,2013,930,4.566117459,5.598755237
Agristar,Tractor,no,4,2013,558,4.213312081,5.558795238
Sonalika,Tractor,no,4,2019,407,5.408740048,6.273556021
Sonalika,Tractor,no,4,2019,351,4.749010756,5.705547583
Sonalika,Tractor,no,4,2019,237,5.196616812,6.172785604
Sonalika,Tractor,no,4,2019,415,5.001123534,5.735378036
Sonalika,Tractor,no,4,2019,305,4.941499555,5.989813184
Sonalika,Tractor,no,4,2019,430,5.07467369,5.884352498
Sonalika,Tractor,no,4,2019,375,4.808845454,5.356020077
Sonalika,Tractor,no,4,2018,603,4.830231896,6.552194
Sonalika,Tractor,no,4,2018,411,4.761062206,5.435118408
Sonalika,Tractor,no,4,2018,607,4.973417906,5.521620905
Sonalika,Tractor,no,4,2018,623,4.645928178,5.137620306
Sonalika,Tractor,no,4,2018,621,4.311335894,5.297867265
Sonalika,Tractor,no,4,2019,261,4.203647297,4.595523809
Sonalika,Tractor,no,4,2019,198,4.526667958,5.305541212
Sonalika,Tractor,no,4,2018,538,4.747624154,5.292349595
Sonalika,Tractor,no,4,2018,558,4.191017449,4.874204464
Sonalika,Tractor,no,4,2018,477,4.794467357,5.521660898
Sonalika,Tractor,no,4,2018,648,4.888542987,5.855616187
Sonalika,Tractor,no,4,2018,589,4.085135623,4.78615752
Sonalika,Tractor,no,4,2018,448,5.159974417,5.628160537
Sonalika,Tractor,no,4,2018,385,4.971062519,5.522540335
Sonalika,Tractor,no,4,2018,589,4.639764831,6.216067034
Sonalika,Tractor,no,4,2018,408,4.958007777,5.856417721
Sonalika,Tractor,no,4,2018,449,4.309321524,5.299816243
Sonalika,Tractor,no,4,2018,376,4.74701691,5.695414225
Sonalika,Tractor,no,4,2018,591,4.933898228,5.519338667
Sonalika,Tractor,no,4,2018,583,4.830790667,6.549164215
Sonalika,Tractor,no,4,2018,465,4.997279839,6.398478455
Sonalika,Tractor,no,4,2018,667,4.880298792,5.704415608
Sonalika,Tractor,no,4,2018,658,4.868610794,5.521260898
Sonalika,Tractor,no,4,2018,453,4.666077121,5.191900738
Sonalika,Tractor,no,4,2018,537,4.772801027,6.063226913
Sonalika,Tractor,no,4,2018,523,4.450852826,4.947269418
Sonalika,Tractor,no,4,2018,679,4.660131744,5.55667361
Sonalika,Tractor,no,4,2018,430,4.873975203,5.70687768
Sonalika,Tractor,no,4,2018,582,5.273255936,6.311190196
Sonalika,Tractor,no,4,2018,475,5.217215765,6.111533856
Sonalika,Tractor,no,4,2017,597,5.05675523,5.520059937
Sonalika,Tractor,no,4,2017,540,5.007229501,6.111644707
Sonalika,Tractor,no,4,2018,475,4.969604945,6.311734809
Sonalika,Tractor,no,4,2017,863,5.058599721,5.96729992
Sonalika,Tractor,no,4,2017,610,4.871449852,5.889210313
Sonalika,Tractor,no,4,2017,799,4.396299294,5.133206846
Sonalika,Tractor,no,4,2017,843,4.589751933,5.297967305
Sonalika,Tractor,no,4,2017,662,5.05299211,5.9696023
Sonalika,Tractor,no,4,2017,582,4.679256729,5.863687992
Sonalika,Tractor,no,4,2017,797,4.656528478,5.628879315
Sonalika,Tractor,no,4,2017,843,4.131800899,4.795294555
Sonalika,Tractor,no,4,2017,608,4.100160948,5.291997438
Sonalika,Tractor,no,4,2017,786,4.60386934,5.076485455
Sonalika,Tractor,no,4,2017,601,4.717426868,6.107935611
Sonalika,Tractor,no,4,2016,569,4.407816206,5.599199434
Sonalika,Tractor,no,4,2016,840,4.683704064,6.550651672
Sonalika,Tractor,no,4,2016,606,4.688867745,6.363700291
Sonalika,Tractor,no,4,2016,661,5.166898028,6.132638536
Sonalika,Tractor,no,4,2016,617,4.647942278,5.520059937
Sonalika,Tractor,no,4,2016,791,5.543731087,6.523077607
Sonalika,Tractor,no,4,2016,834,5.17733547,6.461014949
Sonalika,Tractor,no,4,2016,678,4.599353301,5.706046576
Sonalika,Tractor,no,4,2016,664,4.585273554,5.565209825
Sonalika,Tractor,no,4,2016,817,4.873822333,6.016571708
Sonalika,Tractor,no,4,2016,1068,4.902901594,5.858590082
Sonalika,Tractor,no,4,2016,618,4.879767019,6.410503775
Sonalika,Tractor,no,4,2016,675,4.901341126,6.252346945
Sonalika,Tractor,no,4,2015,735,4.340683671,4.862753811
Sonalika,Tractor,no,4,2015,873,4.243051882,4.866379938
Sonalika,Tractor,no,4,2015,754,4.362461479,4.591071262
Sonalika,Tractor,no,4,2015,753,4.704834509,6.083815808
Sonalika,Tractor,no,4,2015,857,4.789656066,5.703515772
Sonalika,Tractor,no,4,2015,780,4.680370419,6.064273462
Sonalika,Tractor,no,4,2014,910,4.749357106,6.154836862
Sonalika,Tractor,no,4,2014,585,3.949896658,4.713396591
Sonalika,Tractor,no,4,2014,847,4.11887456,4.61045619
Sonalika,Tractor,no,4,2013,1092,3.554204551,4.69711106
Ace,Tractor,no,4,2019,517,5.42252417,6.109136465
Ace,Tractor,no,4,2019,256,4.482550472,4.865609522
Ace,Tractor,no,4,2019,328,4.695559186,5.296365463
Ace,Tractor,no,4,2019,362,4.989002994,6.397246272
Ace,Tractor,no,4,2019,195,5.39983551,6.272273051
Ace,Tractor,no,4,2019,353,5.040647068,5.714524571
Ace,Tractor,no,4,2019,465,4.756516938,6.106911523
Ace,Tractor,no,4,2019,506,4.018902367,4.383525511
Ace,Tractor,no,4,2019,414,4.768223972,5.007497042
Ace,Tractor,no,4,2018,446,4.661550519,5.131672289
Ace,Tractor,no,4,2018,727,5.56819182,6.326739639
Ace,Tractor,no,4,2018,668,5.370079733,6.109314247
Ace,Tractor,no,4,2018,469,4.676467068,5.251906869
Ace,Tractor,no,4,2018,440,5.204446151,6.216985271
Ace,Tractor,no,4,2018,427,4.958288814,5.441118165
Ace,Tractor,no,4,2018,390,4.906459262,5.668431597
Ace,Tractor,no,4,2018,471,4.885072071,5.257078619
Ace,Tractor,no,4,2018,535,4.624972813,5.202797165
Ace,Tractor,no,4,2018,682,4.618678536,5.445702353
Ace,Tractor,no,4,2018,665,4.841743158,5.072231992
Ace,Tractor,no,4,2018,665,5.116255776,5.563063408
Ace,Tractor,no,4,2018,525,4.537426534,4.793390975
Ace,Tractor,no,4,2018,641,4.100657924,4.506233438
Ace,Tractor,no,4,2018,682,4.950672953,6.215747449
Ace,Tractor,no,4,2018,372,5.042004754,5.941617575
Ace,Tractor,no,4,2018,620,4.82775358,5.559527119
Ace,Tractor,no,4,2018,465,4.754021133,5.018669599
Ace,Tractor,no,4,2018,590,5.186547466,5.99490861
Ace,Tractor,no,4,2018,543,4.496470769,5.1965061
Ace,Tractor,no,4,2018,386,4.795294555,5.193290129
Ace,Tractor,no,4,2018,630,5.076360611,5.992489022
Ace,Tractor,no,4,2018,442,4.424367475,5.082955956
Ace,Tractor,no,4,2017,679,4.558078578,5.074360985
Ace,Tractor,no,4,2017,769,4.38414938,4.70682384
Ace,Tractor,no,4,2017,575,4.689695141,4.93634269
Ace,Tractor,no,4,2017,782,4.284275979,4.504023004
Ace,Tractor,no,4,2017,581,4.770769367,5.630243571
Ace,Tractor,no,4,2017,677,5.156465742,6.013372799
Ace,Tractor,no,4,2017,683,4.562993107,5.148017596
Ace,Tractor,no,4,2017,761,4.653674595,5.298967155
Ace,Tractor,no,4,2017,881,4.479039909,4.710430697
Ace,Tractor,no,4,2017,616,4.549023025,5.790938286
Ace,Tractor,no,4,2017,825,5.002401489,5.669052994
Ace,Tractor,no,4,2017,565,4.297557478,5.009434574
Ace,Tractor,no,4,2017,626,4.348211286,4.863217453
Ace,Tractor,no,4,2017,705,4.366405254,5.011568192
Ace,Tractor,no,4,2016,939,4.390986376,4.692539832
Ace,Tractor,no,4,2016,713,4.445705411,4.877180089
Ace,Tractor,no,4,2016,734,4.476313564,5.079290331
Ace,Tractor,no,4,2016,543,5.199932465,5.963219382
Ace,Tractor,no,4,2016,726,4.887940214,5.738119487
Ace,Tractor,no,4,2016,891,5.000988917,5.737571798
Ace,Tractor,no,4,2016,612,4.62399194,5.52788027
Ace,Tractor,no,4,2016,1042,4.329021349,5.142014372
Ace,Tractor,no,4,2016,629,4.43627805,5.129188404
Ace,Tractor,no,4,2016,1030,4.516885271,5.131199643
Ace,Tractor,no,4,2016,881,4.454463569,5.017213609
Ace,Tractor,no,4,2016,700,4.206184044,4.776430795
Ace,Tractor,no,4,2016,670,4.079400115,4.872139217
Ace,Tractor,no,4,2016,709,4.836519974,5.477801569
Ace,Tractor,no,4,2016,799,4.18235544,5.014029527
Ace,Tractor,no,4,2016,698,4.613039144,5.396079084
Ace,Tractor,no,4,2016,884,4.630935394,5.077483646
Ace,Tractor,no,4,2016,1045,4.292101927,5.070475294
Ace,Tractor,no,4,2015,980,4.231784971,4.941856685
Ace,Tractor,no,4,2015,1001,4.649761069,5.199711763
Ace,Tractor,no,4,2015,812,4.55345575,5.191956351
Ace,Tractor,no,4,2015,966,4.416428061,5.349248095
Ace,Tractor,no,4,2015,1021,4.571199666,5.085433504
Ace,Tractor,no,4,2015,1057,3.647275904,4.624090071
Ace,Tractor,no,4,2015,665,3.958906591,4.800325701
Ace,Tractor,no,4,2015,1081,4.610555658,5.561219948
Ace,Tractor,no,4,2015,635,4.767459089,5.521860838
Ace,Tractor,no,4,2015,902,4.165424144,5.246076255
Ace,Tractor,no,4,2015,626,4.180828022,4.863603658
Ace,Tractor,no,4,2015,772,4.053348942,4.866302923
Ace,Tractor,no,4,2014,591,4.433313679,5.431930006
Ace,Tractor,no,4,2014,842,4.226395693,5.078792261
Ace,Tractor,no,4,2014,623,4.711779921,5.436861176
Ace,Tractor,no,4,2014,615,4.463145686,5.485336207
Ace,Tractor,no,4,2014,1017,4.291007236,4.796203683
Ace,Tractor,no,4,2013,916,4.151197374,5.305243327
Ace,Tractor,no,4,2014,913,4.096176217,4.49110523
Ace,Tractor,no,4,2013,793,3.994524227,4.602867537
Ace,Tractor,no,4,2013,565,4.463145686,5.518536646
Eicher,Tractor,no,6,2019,487,4.870146421,6.358102198
Eicher,Tractor,no,6,2019,203,5.15381169,6.181361505
Eicher,Tractor,no,4,2019,318,4.877941646,5.692552993
Eicher,Tractor,no,4,2019,508,4.470609693,5.537924644
Ferguson,Tractor,yes,6,2020,329,5.087164143,5.602635293
Ferguson,Tractor,no,4,2020,195,4.842768758,5.110420295
Ferguson,Tractor,yes,8,2020,119,5.134267855,6.4521909
Ferguson,Tractor,yes,8,2020,92,4.946416722,6.205648077
Ferguson,Tractor,yes,6,2020,254,5.202191854,5.86813805
Ferguson,Tractor,yes,8,2020,276,5.201035244,5.709565719
Ferguson,Tractor,no,4,2019,201,4.837709459,4.989275455
Ferguson,Tractor,no,8,2019,470,4.770515119,5.537531098
Ferguson,Tractor,no,8,2019,281,5.125272647,5.752159855
Ferguson,Tractor,no,6,2019,239,5.101085197,5.416589172
Ferguson,Tractor,no,4,2019,182,3.847804433,4.925077406
Mahindra,Tractor,yes,6,2020,310,5.169517619,6.483841027
Mahindra,Tractor,no,6,2019,457,5.041940144,6.58271742
Mahindra,Tractor,no,6,2019,255,4.455044727,5.715183897
Siemens,Tractor,no,3,2020,349,4.349245145,5.135739612
Siemens,Tractor,no,2,2020,174,4.511189123,4.84803793
Siemens,Tractor,no,4,2020,352,4.454579827,4.80729437
Siemens,Tractor,no,2,2020,208,4.201403635,4.410614092
Siemens,Tractor,no,4,2020,186,4.670489652,5.110480629
Siemens,Tractor,no,4,2020,97,4.652530757,5.358894928
Siemens,Tractor,no,4,2020,202,4.718498871,4.996874379
Siemens,Tractor,no,4,2019,506,4.964242255,5.537924644
Siemens,Tractor,no,2,2019,415,4.317754745,4.742668699
Siemens,Tractor,no,2,2019,280,4.021773869,4.442533603
Siemens,Tractor,no,4,2019,205,4.824305716,5.135327738
Siemens,Tractor,no,4,2019,292,4.426641427,4.779039456
Siemens,Tractor,no,2,2019,342,4.230622181,4.528828953
Siemens,Tractor,no,4,2019,431,5.245812813,5.681025488
Siemens,Tractor,no,4,2019,491,4.762430312,5.047545648
Siemens,Tractor,no,2,2019,379,2.834389123,3.931629535
Siemens,Tractor,no,4,2019,371,5.325932534,5.541224329
Siemens,Tractor,no,4,2019,320,4.904978438,5.110480629
Bajaj,Tractor,no,8,2019,341,5.533073233,6.312841275
Bajaj,Tractor,no,8,2019,381,5.13732668,5.946702509
Swaraj,Tractor,yes,12,2020,227,5.44772826,6.232742669
Swaraj,Tractor,yes,8,2020,306,4.998090267,5.826442487
Swaraj,Tractor,yes,12,2020,193,5.742009104,6.840535834
Swaraj,Tractor,yes,8,2020,91,5.112770614,6.714765013
Swaraj,Tractor,yes,8,2019,455,5.179533831,6.374172668
Swaraj,Tractor,no,8,2019,447,4.780718858,6.247268881
Swaraj,Tractor,no,3,2019,508,4.49088104,4.841190475
Swaraj,Tractor,no,4,2019,459,4.622027303,5.03037256
Swaraj,Tractor,no,8,2019,414,4.958078043,6.08221891
Swaraj,Tractor,no,8,2019,215,5.027623507,5.43219245
Escorts,Tractor,yes,6,2020,148,4.755312844,5.979493175
Escorts,Tractor,yes,6,2020,232,4.822858887,5.458265494
Escorts,Tractor,no,3,2020,320,4.664099254,4.93820796
Escorts,Tractor,no,6,2020,347,4.418599615,5.354933967
Escorts,Tractor,yes,6,2020,257,5.251225759,6.175326583
Escorts,Tractor,no,2,2020,357,4.189503215,4.665324109
Escorts,Tractor,yes,6,2020,201,4.694370831,5.318070973
Escorts,Tractor,no,3,2020,278,4.489871562,4.779039456
Escorts,Tractor,no,4,2019,299,4.700843936,4.967379785
Escorts,Tractor,no,6,2019,475,5.069155743,5.901047377
Escorts,Tractor,no,4,2019,264,4.624482497,5.159974417
Escorts,Tractor,no,4,2019,538,4.515573652,5.074423534
Escorts,Tractor,no,4,2019,277,4.882195678,4.966753066
Agristar,Tractor,yes,8,2020,236,5.483426701,6.839637025
Agristar,Tractor,no,4,2020,349,4.937132267,5.602672173
Agristar,Tractor,no,6,2019,348,5.124380559,5.973020497
Sonalika,Tractor,yes,8,2020,165,5.305590851,6.30183112
Sonalika,Tractor,yes,8,2020,197,4.81283455,5.507280854
Sonalika,Tractor,yes,6,2020,352,5.147087417,5.680957284
Sonalika,Tractor,no,8,2020,108,5.061074891,5.358847866
Sonalika,Tractor,yes,6,2020,135,4.938279632,5.532875523
Sonalika,Tractor,yes,6,2020,154,4.791815714,6.191666951
Sonalika,Tractor,yes,8,2019,489,5.217649463,6.091287257
Sonalika,Tractor,no,8,2019,393,5.264243386,5.633538821
Sonalika,Tractor,no,8,2019,351,4.002412005,5.034221604
Sonalika,Tractor,no,4,2019,301,4.749962931,5.43590303
Sonalika,Tractor,no,8,2019,486,4.760206188,5.828710296
Sonalika,Tractor,no,4,2019,289,5.079788153,5.130785895
Sonalika,Tractor,no,3,2019,321,4.522223265,5.354933967
Ace,Tractor,no,3,2020,340,4.475061501,4.705015521
Ace,Tractor,no,4,2020,354,4.94406805,5.135739612
Ace,Tractor,yes,6,2020,128,4.774153178,5.882486385
Ace,Tractor,no,6,2020,284,4.870453263,5.262431088
Ace,Tractor,no,3,2020,208,4.497028027,4.912654886
Ace,Tractor,no,6,2020,200,4.781138269,5.42093315
Ace,Tractor,yes,6,2020,156,5.063164491,5.692519282
Ace,Tractor,yes,6,2020,351,4.829992328,5.50809195
Ace,Tractor,yes,8,2020,194,5.500523247,6.250920741
Ace,Tractor,yes,6,2020,306,5.136151316,6.023665487
Ace,Tractor,no,4,2020,96,4.686934488,5.059234964
Ace,Tractor,yes,8,2020,361,5.223917044,6.509499124
Ace,Tractor,yes,8,2020,164,5.119190701,6.215907254
Ace,Tractor,yes,8,2020,112,5.341328962,6.570868957
Ace,Tractor,yes,8,2020,321,4.865609522,6.158228205
Ace,Tractor,no,6,2019,421,4.81818259,5.346821776
Ace,Tractor,yes,6,2019,221,4.903569622,5.507321425
Ace,Tractor,no,3,2019,444,4.609162207,4.779039456
Ace,Tractor,no,8,2019,355,5.529190964,6.327132889
Ace,Tractor,no,6,2019,391,5.224832277,5.636538074
Ace,Tractor,no,6,2019,207,4.919615896,5.968681984
Ace,Tractor,no,3,2019,506,4.30528057,4.543081994
Ace,Tractor,no,2,2019,514,4.406475315,4.481985085
Ace,Tractor,yes,8,2019,391,5.176996831,6.20048889
Ace,Tractor,no,6,2019,215,4.80557721,5.472228656
Ace,Tractor,no,6,2019,215,4.891175854,5.007898218
Ace,Tractor,no,8,2019,492,5.241905733,5.924255797
Ace,Tractor,no,4,2019,489,4.924496264,5.001661819
Ace,Tractor,no,2,2019,202,4.049870072,4.261975404
Ace,Tractor,no,3,2019,356,4.626050664,4.84803793
Ace,Tractor,no,6,2019,329,5.117993812,6.212145068
Ace,Tractor,no,6,2019,443,4.946914217,5.472228656
Ace,Tractor,no,3,2018,478,4.435567402,4.790487252
Eicher,Tractor,no,6,2019,429,4.600559573,6.358102198
Eicher,Tractor,no,6,2019,464,5.037342137,6.181361505
Eicher,Tractor,no,4,2019,397,4.777778051,5.692552993
Eicher,Tractor,no,4,2019,186,4.745106026,5.537924644
Ferguson,Tractor,yes,6,2020,195,4.714114273,5.602635293
Ferguson,Tractor,no,4,2020,179,4.5582882,5.110420295
Ferguson,Tractor,yes,8,2020,266,5.557214088,6.4521909
Ferguson,Tractor,yes,8,2020,256,5.24528572,6.205648077
Ferguson,Tractor,yes,6,2020,275,5.381094793,5.86813805
Ferguson,Tractor,yes,8,2020,286,5.122176669,5.709565719
Ferguson,Tractor,no,4,2019,231,4.752986561,4.989275455
Ferguson,Tractor,no,8,2019,460,5.030503279,5.537531098
Ferguson,Tractor,no,8,2019,431,5.334167019,5.752159855
Ferguson,Tractor,no,6,2019,265,5.109756385,5.416589172
Ferguson,Tractor,no,4,2019,355,3.902982261,4.925077406
Mahindra,Tractor,yes,6,2020,194,4.913242948,6.483841027
Mahindra,Tractor,no,6,2019,193,5.524177225,6.58271742
Mahindra,Tractor,no,6,2019,249,4.602667056,5.715183897
Siemens,Tractor,no,3,2020,101,4.579031528,5.135739612
Siemens,Tractor,no,2,2020,230,4.290185431,4.84803793
Siemens,Tractor,no,4,2020,277,4.464527856,4.80729437
Siemens,Tractor,no,2,2020,249,4.149779269,4.410614092
Siemens,Tractor,no,4,2020,176,4.876494192,5.110480629
Siemens,Tractor,no,4,2020,156,4.650717001,5.358894928
Siemens,Tractor,no,4,2020,364,4.743278588,4.996874379
Siemens,Tractor,no,4,2019,266,4.799090879,5.537924644
Siemens,Tractor,no,2,2019,407,4.465563232,4.742668699
Siemens,Tractor,no,2,2019,435,4.275137173,4.442533603
Siemens,Tractor,no,4,2019,216,4.948334268,5.135327738
Siemens,Tractor,no,4,2019,228,4.598346961,4.779039456
Siemens,Tractor,no,2,2019,194,4.21980178,4.528828953
Siemens,Tractor,no,4,2019,348,4.835329072,5.681025488
Siemens,Tractor,no,4,2019,481,4.789489745,5.047545648
Siemens,Tractor,no,2,2019,371,3.037353948,3.931629535
Siemens,Tractor,no,4,2019,422,5.331026541,5.541224329
Siemens,Tractor,no,4,2019,200,4.77474417,5.110480629
Bajaj,Tractor,no,8,2019,367,5.415344561,6.312841275
Bajaj,Tractor,no,8,2019,476,4.947127353,5.946702509
Swaraj,Tractor,yes,12,2020,348,5.630315323,6.232742669
Swaraj,Tractor,yes,8,2020,326,5.364292355,5.826442487
Swaraj,Tractor,yes,12,2020,159,5.505981731,6.840535834
Swaraj,Tractor,yes,8,2020,261,5.792037522,6.714765013
Swaraj,Tractor,yes,8,2019,225,5.613930704,6.374172668
Swaraj,Tractor,no,8,2019,462,5.334359958,6.247268881
Swaraj,Tractor,no,3,2019,368,4.54361388,4.841190475
Swaraj,Tractor,no,4,2019,481,4.638024523,5.03037256
Swaraj,Tractor,no,8,2019,238,5.091047164,6.08221891
Swaraj,Tractor,no,8,2019,297,4.655958353,5.43219245
Escorts,Tractor,yes,6,2020,219,4.657667755,5.979493175
Escorts,Tractor,yes,6,2020,258,5.031287234,5.458265494
Escorts,Tractor,no,3,2020,206,4.633174382,4.93820796
Escorts,Tractor,no,6,2020,231,4.800819203,5.354933967
Escorts,Tractor,yes,6,2020,141,5.259992252,6.175326583
Escorts,Tractor,no,2,2020,279,4.465218226,4.665324109
Escorts,Tractor,yes,6,2020,282,4.912801934,5.318070973
Escorts,Tractor,no,3,2020,113,4.377265318,4.779039456
Escorts,Tractor,no,4,2019,293,4.487737089,4.967379785
Escorts,Tractor,no,6,2019,181,4.895598484,5.901047377
Escorts,Tractor,no,4,2019,503,4.570475216,5.159974417
Escorts,Tractor,no,4,2019,433,4.521027418,5.074423534
Escorts,Tractor,no,4,2019,288,4.778198696,4.966753066
JohnDeere,Tractor,no,3,2020,222,4.653674595,5.159285158
JohnDeere,Tractor,yes,6,2020,98,5.214120208,5.999531918
JohnDeere,Tractor,no,3,2020,360,4.302712828,4.995724681
JohnDeere,Tractor,no,4,2020,210,4.780299272,5.198718001
JohnDeere,Tractor,no,2,2020,352,4.186467851,4.880526609
JohnDeere,Tractor,no,6,2020,190,4.754968551,5.275151089
JohnDeere,Tractor,yes,12,2020,197,5.623042302,6.792119935
JohnDeere,Tractor,no,12,2020,176,5.594265183,6.960774583
JohnDeere,Tractor,yes,12,2020,190,5.470967304,6.566109684
JohnDeere,Tractor,no,8,2020,204,4.606669062,6.4903441
JohnDeere,Tractor,yes,12,2020,124,5.486165291,6.522078092
JohnDeere,Tractor,no,8,2020,148,5.216022124,6.40272947
JohnDeere,Tractor,no,8,2020,355,5.47109351,6.822197391
JohnDeere,Tractor,no,4,2020,249,4.989411658,6.050087166
JohnDeere,Tractor,no,6,2020,326,5.369800468,6.011267174
JohnDeere,Tractor,no,6,2020,213,5.199546204,5.946624073
JohnDeere,Tractor,no,2,2019,332,4.153399325,4.442533603
JohnDeere,Tractor,no,6,2019,202,5.302010538,5.633538821
JohnDeere,Tractor,no,4,2019,382,5.069218618,5.40578067
JohnDeere,Tractor,no,3,2019,461,4.433551152,5.002199815
JohnDeere,Tractor,no,4,2019,455,4.781641329,5.109937495
JohnDeere,Tractor,no,3,2019,532,4.414009681,5.135739612
JohnDeere,Tractor,yes,12,2019,434,5.573749717,7.333016478
JohnDeere,Tractor,yes,6,2019,254,5.572306112,6.742373432
JohnDeere,Tractor,no,3,2019,369,4.76037745,5.04915063
JohnDeere,Tractor,no,4,2019,315,5.137091718,5.443239883
JohnDeere,Tractor,no,12,2019,489,5.200153118,6.509499124
JohnDeere,Tractor,no,8,2019,429,5.205050099,6.250940028
JohnDeere,Tractor,no,2,2019,497,4.243626265,4.624874769
JohnDeere,Tractor,no,2,2019,383,4.191320021,4.309187088
Standard,Soil,no,3,2020,235,5.011901159,5.87535199
Standard,Soil,no,4,2019,298,5.34046648,6.734175402
Standard,Soil,no,4,2019,351,5.440164091,6.713745682
Standard,Soil,no,4,2019,208,5.100902476,6.287932907
Kartar,Tractor,no,8,2019,325,5.71531571,7.059316896
Kartar,Tractor,no,6,2019,232,4.492337378,6.483871585
Kartar,Tractor,no,8,2018,541,5.03773152,6.251537728